用户ID,用户名,每日投注累积,日期
1393747,a032a,1444,20151004
1101961,a03743a,170,20151004
1314512,a1074529643,28.6,20151004
1298159,a1106450217,20,20151004
1366020,a11443068,16,20151004
1112093,a11468476,100,20151004
1373969,a1300425211,1316.6,20151004
1278474,a13343722508,2,20151004
1237075,a13346560676,477.2,20151004
1397544,a1350401a,406.4,20151004
1387354,a136122493,6.4,20151004
1043481,a13964363450,866.8,20151004
1401417,a15044052940,20,20151004
1390897,a15087863375,0.8,20151004
1268220,a15218998588,1051,20151004
959466,a152750,2871,20151004
1403757,a15298865575,2298,20151004
1276226,a1581122,2,20151004
1109909,a1614268227,4,20151004
841565,a18254355259,0.6,20151004
1375363,a18323290752,1392.2,20151004
1269244,a198509120,10,20151004
1008019,a20130904,2,20151004
793347,a2014a,50,20151004
1334928,a2281062,146,20151004
1236880,a250725910,0.4,20151004
1155578,a2512347gf,1166.2,20151004
1023300,a25772288,1.2,20151004
1187012,a2751330,1.6,20151004
1185553,a279931273,4,20151004
1317360,a284801231,2180.8,20151004
1393224,a292566914,7,20151004
1370662,a292587780,62,20151004
1380481,a304463242,2396,20151004
1374490,a33313333,1.4,20151004
1090090,a3423708,10,20151004
1166922,a348173175,2,20151004
1081054,a365661,142,20151004
1393724,a3685799,2,20151004
872214,a368963091,310,20151004
1397871,a452948133,1,20151004
1287678,a464519762,53,20151004
1368450,a525458246,8,20151004
1368851,a52950309,10,20151004
1212656,a530894452,2,20151004
1380604,a542060065,2,20151004
1381435,a555555,1120,20151004
1236339,a5890369,1268,20151004
1372621,a611271,0.8,20151004
1369792,a6660666,19.2,20151004
1365959,a6661666,0.8,20151004
1254461,a6668,2,20151004
1304654,a692672,30.6,20151004
886629,a718922722,4,20151004
1369657,a78447255,2,20151004
1178320,a841209592,2.8,20151004
1375927,a8582813,2,20151004
1373491,a877890477,24,20151004
1380639,a8883888,56,20151004
1400457,aa1065237533,0.6,20151004
1393449,aa1066010646,100,20151004
299593,aa133a88j,1242,20151004
1270472,aa1789aa,3.4,20151004
967431,aa2689122669,16,20151004
1334699,aa284999239,0.6,20151004
1402509,aa352000488,1,20151004
1111558,aa5310,29.2,20151004
1403406,aa6625253,6.2,20151004
1309744,aaa6688520,368,20151004
1105222,aaaaa138,154,20151004
1398532,ab632514869,0.8,20151004
1373573,abc0769,328.4,20151004
1336299,abc150833,0.4,20151004
1366512,abc2927264,20,20151004
1325271,abc441045976,50,20151004
814771,abcabc6688,42,20151004
1150335,abcdefg009,140.6,20151004
1244154,ac335512,1704.2,20151004
700530,ad88015,16.6,20151004
1289838,adu121121,86,20151004
1399375,af3117915,95,20151004
1390411,aicaiwuge518,411.2,20151004
1183449,aichun,7.6,20151004
1300896,aidou158,4,20151004
1338892,ailaibao,3774,20151004
1277544,aiqingqing,1,20151004
938656,akai420,9.2,20151004
1385353,alexeryy68,72.4,20151004
1299881,alin730228,14,20151004
1240375,alina,6.4,20151004
1381793,amay8,4,20151004
1381406,angus1112,31.2,20151004
1269206,anhaovip1,24,20151004
1263117,ankejun,55.8,20151004
1036382,apap8888,50,20151004
1384252,apt123,4,20151004
1243776,aqlfl888,2570,20151004
1212276,as007地主,620.8,20151004
437764,as71850,28,20151004
920586,asd133201,2,20151004
1160516,asd720350,12,20151004
357207,asd9898,230,20151004
1204293,aswzxsh0219,8,20151004
1381917,atm654844757,8,20151004
997571,awdtankdd,3534.2,20151004
1380488,ayztlx,15260,20151004
1250996,ayzxzxzxzx,0.2,20151004
1403975,a官伟朱莉,6.8,20151004
1272515,b122032297,228.8,20151004
1179242,b2959458016,0.4,20151004
1327732,b35970607,20,20151004
1370420,b5518,875.4,20151004
1257266,babadan512,1120,20151004
814754,baby678,28,20151004
1395094,baihailong528,0.8,20151004
1399862,baishifa1990,32,20151004
1402665,baiyaqi1105,70,20151004
1266872,baojun123,166,20151004
955283,baosheng988,10,20151004
779683,baxla323,3,20151004
1291046,bb923,0.6,20151004
1192757,bbdgm321,14,20151004
1295559,bbff119,84.6,20151004
1312421,bdt123,114,20151004
875802,benlu111,450,20151004
867904,benlu88,25210,20151004
618634,bf1188,0.4,20151004
1289792,bing1314521,84,20151004
1312970,bingo1500,16,20151004
1382208,blackwhite,0.4,20151004
450935,bmw518,6,20151004
1170358,boboaiav619,19,20151004
887063,bobxuan521,257.6,20151004
216391,book10,417.8,20151004
1162830,boss13579,2,20151004
1380638,boss小天,0.6,20151004
599053,bto197733,50,20151004
1375476,byx123,30,20151004
1401827,c15243660332,3,20151004
1399353,caicaicaicai,4.2,20151004
1394634,caican88,16,20151004
1399184,caidajie,0.8,20151004
1367165,caihong1688,0.4,20151004
1343467,caili5,4,20151004
1397393,caiyuan,368.6,20151004
1387058,caoshijie888,1,20151004
1158206,carteryjpgfss,13,20151004
1379053,cb666528,40,20151004
1260249,cc1835,1430,20151004
1399609,cc51279186,0.6,20151004
1380075,ccb13834396936,40,20151004
1001210,cccdd88,3.6,20151004
1399243,cchenenlai,0.2,20151004
712927,ccjlj6888,2,20151004
1268069,cct88,10,20151004
1375459,cctv5588,158,20151004
986967,ccx3636,214,20151004
1393551,cc张张是有光123,0.8,20151004
1375216,cgs152890,2.8,20151004
851289,chang9,2,20151004
1117734,changbai,8,20151004
1398486,chen1211,8,20151004
1273445,chen8961788,46,20151004
1375361,chensha1314,1,20151004
408513,chiqing959,139,20151004
1067213,choushe,523.2,20151004
966772,chuancaizhong,1969.6,20151004
1270989,chyz777,4600.6,20151004
1225834,cici117,23,20151004
1261438,cj18956093775,120.6,20151004
1336441,cjd8888,1020,20151004
827233,cjm666666,2256.4,20151004
438008,cncn91,15.4,20151004
1239216,comixqixin,0.6,20151004
1315951,conglinbao,30,20151004
1289719,cpluck,0.4,20151004
1162018,cptz858,936.4,20151004
1039279,cq2014888,12,20151004
963050,crazyjunjia2014,1593.6,20151004
1235677,cs3d发发,880,20151004
734432,cubs169,5000,20151004
1365811,cuikun,9.4,20151004
1382103,cxlwin,0.8,20151004
1382806,cy10410935,2,20151004
1372682,cy19820215,416.4,20151004
1247802,cyjx2015,40,20151004
1101670,cyl8898,552,20151004
1304610,cymazgs,4,20151004
916239,czd88787699,624.4,20151004
1029896,czls888,3698,20151004
737987,czm16888,17012,20151004
1371899,czy137132,498.4,20151004
1398802,dacai,60,20151004
1116174,dage1288,51.2,20151004
1239228,dai13630450176,232,20151004
1326986,dajunwoaini,606,20151004
1384778,dalongwudi,48.8,20151004
1219383,damoxiaoyan,0.8,20151004
1084609,danger521,0.2,20151004
1402584,daohaodeshi,1191.4,20151004
821262,daosange2013,1440.6,20151004
1192071,datiantalent,257.6,20151004
917510,ddff222,2,20151004
1401309,deng12,1,20151004
1369520,dengquan,3,20151004
889045,dengsc03,11.2,20151004
670869,dexuanhe,20,20151004
1246340,dg15369853535,2,20151004
957165,dhj868dhj,142,20151004
1172044,dingdang4886,2374,20151004
278916,dingdatou110,70,20151004
1288143,dissummer,2,20151004
874989,dj3377,1.8,20151004
882555,djf441224,5.6,20151004
1403175,djll888888,2201.6,20151004
1169377,djx1688,36.2,20151004
1189051,djzhao1986,0.8,20151004
1385867,dmh123,2.4,20151004
1314095,dongsibo,1100,20151004
1381538,dongxiansheng,1.2,20151004
1246165,douliang88,2,20151004
1294950,ds3244,0.2,20151004
1295600,ds838,61.2,20151004
1399568,dubobuhao,24,20151004
1372090,duoneng,3.8,20151004
956721,duzhe16888,2572,20151004
1259420,dvd010,1026,20151004
1390257,dxiaopin789,0.6,20151004
1325912,dxr2729134537,53,20151004
1097744,dzpzds,3.2,20151004
1000114,ea554381,28,20151004
782391,eagle123,300,20151004
1245064,ersha1314,2,20151004
1191793,ew66888,0.2,20151004
791472,f2859122275,1344,20151004
1316318,f80755281,1200,20151004
1367156,fa78654,31.6,20151004
1216666,facai6888,70,20151004
1219414,fafa00120,14,20151004
1219425,fafa88188,390,20151004
626188,fafa8830,5.6,20151004
1155855,fafa9978,10,20151004
1353517,fan349,1068,20151004
560432,fangdongbai123,2,20151004
1370183,fangyi379328607,20,20151004
1393056,fanzhonghua,1274.4,20151004
1397082,fbjk14,242,20151004
1294994,fdc858,14603.4,20151004
1107507,feicnm88,3,20151004
1284396,feifei1989,9.6,20151004
1150678,feiyuld,202,20151004
1088174,fengliu20070214,286,20151004
1379944,fengwan1119,300,20151004
1391026,fengzi28368,0.6,20151004
1367826,ffang9151,10,20151004
856710,fff570,2800,20151004
1333577,fff9988,190,20151004
1331459,ffwyjz,10,20151004
1248374,fg34518,36,20151004
1322475,fg雪儿,8,20151004
390843,fh00039,2,20151004
1397974,fh007,5,20151004
1388244,fh0539001,4,20151004
960577,fh1670293907,23.6,20151004
651945,fh18750,7,20151004
1016647,fh2285,36.8,20151004
1278270,fhcp68027209,12,20151004
983494,fhl2468,1772,20151004
346149,fhvip07,10557.6,20151004
1176898,fjytjpqx,60,20151004
1287916,flj0002,122,20151004
1016240,flt8889,322,20151004
1228462,flying,110,20151004
792968,fulushou,3.2,20151004
885167,fuyang008,280,20151004
1391972,fxbb007,440,20151004
1396342,fy2866,1,20151004
1235261,fyb56700,2058,20151004
1338123,g15703897681,0.4,20151004
1381373,g18500211986,30,20151004
1312946,g406422735,766,20151004
748821,game1110,6,20151004
1314067,gao678,0.6,20151004
1109722,gb83932996,20,20151004
1031035,gbl691407543,20.2,20151004
997967,gcx888999,441.4,20151004
1087535,gcx900307,2590,20151004
1385017,geiqian886,1171.2,20151004
1222309,gen5260443,6,20151004
1334212,gexulai123,21,20151004
1238250,gfdsa8898,56.8,20151004
1374954,gg031122,4,20151004
1319018,gggjia1,21,20151004
1103371,gh13934653257,30,20151004
1064683,gllz123456,19,20151004
1232909,gongansong,300,20151004
1298315,gongxifacai8,4,20151004
1381848,goudan,787.2,20151004
1374953,gp0205,52,20151004
968099,guanggao1800,3.4,20151004
1364197,guilin520,0.6,20151004
1170153,guo8704,5744.8,20151004
1311713,guosheng1985,2,20151004
1387035,gx83914,33.2,20151004
1388123,h1070930483,0.4,20151004
965415,h2345g,0.8,20151004
1108285,h55307,80,20151004
549712,h845637552,32,20151004
1396760,hai2020qq,1,20151004
1337422,haibo863,0.8,20151004
1152651,haier4030,0.6,20151004
913726,haifeng006,22,20151004
1037204,haina4499,2.4,20151004
309528,hak998,48,20151004
1262640,han900619,1567.2,20151004
790292,handun11168,112,20151004
1264409,hanggg4645,2,20151004
1295277,hansonglinaaa,1671.6,20151004
1271805,haoyun121,0.6,20151004
774478,haoyun7459,38.4,20151004
1395180,haoziwawa,13.2,20151004
1400476,hccnm,5.8,20151004
969324,hcweiqiang,2,20151004
820501,hehua666,2,20151004
1308159,helin666,28,20151004
1074743,heng444,2,20151004
1332582,heqinhe123,2344,20151004
1366890,hg6137,28,20151004
1402531,hgx8721,16.2,20151004
1383686,hilly,112,20151004
1316053,hk158,2,20151004
863063,hl996600068,281.6,20151004
256258,hlong035,14,20151004
867511,hm1368484,5.4,20151004
1396613,hming888,32,20151004
1285384,hong1234,6,20151004
1383923,honghuo777,8,20151004
1341611,hongqixdd666,950,20151004
1285855,houwl516888,22,20151004
1336915,hqainy,523.2,20151004
1343299,hua615,80,20151004
1326979,huai,8.6,20151004
1400464,huang168110,67.4,20151004
1391146,huang7758,6.6,20151004
914730,huazhou1027,1904,20151004
1228038,huchenghui,1,20151004
1012174,huihui11,525.4,20151004
1272643,huihui558,1129.6,20151004
1270025,huliang99,0.8,20151004
1366615,huo8888,0.8,20151004
1077112,huozhoucike,796,20151004
1372377,hxl895207,1.8,20151004
839334,hxw088,2,20151004
776342,hxw915,10,20151004
1224350,hy461833708,6,20151004
844584,hyw090319,0.2,20151004
1338208,hyw15299918120,0.4,20151004
1288971,hzlzsy2015,210,20151004
1377857,hzwjcbn,7.6,20151004
780535,ice916,5537.8,20151004
1389144,icefairy2015,4,20151004
1112839,id7128,1223,20151004
1385209,ihrr,130.4,20151004
1369384,ilylcy,50,20151004
1361391,ilyxf10000,26,20151004
1395923,innermoney,2,20151004
1328264,j15862065473,103.8,20151004
1002798,janejane,354,20151004
1114415,java159,2,20151004
984785,jaymi5088,126,20151004
896847,jcsk189,40,20151004
1192247,jcsk558,14,20151004
1400466,jeff2015,1.8,20151004
807227,jenhoo8,1,20151004
1375047,jhb8811870,2,20151004
1392597,jhwsx656,1,20151004
1215439,jhy661jyp,80,20151004
1165472,jia798,44,20151004
1221179,jia808,54,20151004
1370804,jia8965693465,24,20151004
1274900,jiahao111,63,20151004
1376331,jianna2015,59.2,20151004
1275213,jiaozige,1500,20151004
1372507,jiaozigege,17016,20151004
1298944,jiayun198725,68,20151004
1375975,jibaian2015,4,20151004
1379940,jinbao,1626,20151004
1403927,jinbo429004,38,20151004
1295399,jinkun,46.6,20151004
1377993,jinye1983,0.6,20151004
1281066,jinzhao88888,238,20151004
1311555,jiorong668,106,20151004
721782,jixv7773,200,20151004
1306868,jlsccs,30,20151004
1303211,jodiry,82.2,20151004
369482,jrf999,2,20151004
553834,jsj888,16,20151004
1082357,junlin168,66,20151004
1368278,jw19961029,11981.8,20151004
1279729,jw785138819,73.2,20151004
1329257,jxry880,0.2,20151004
1308409,jxy2733273073,64,20151004
1186066,jy96888,2,20151004
1403958,jyx888,205,20151004
1306337,jzz284186202,100.8,20151004
1288368,k512858031,4.4,20151004
1225364,kaidi999,20,20151004
1244874,kakeru65,360.8,20151004
1013479,kane888,3456,20151004
1392413,kanyufei123,12,20151004
1123310,kd8cheng,320,20151004
1307724,kf95888,3.6,20151004
1381244,kim19821016,24,20151004
1286433,kissbaobao888,251,20151004
1341642,kissbaobao999,100,20151004
378594,kk3399,44.8,20151004
1243801,kk741756259kk,45.8,20151004
1340164,kkerr88888888,4,20151004
1280564,kkkssss,4382.4,20151004
1280078,kokas,15.6,20151004
1368314,kongxin,17.4,20151004
1378586,kp57240,0.6,20151004
1101671,kws9999,1254,20151004
1271658,l147192223,16,20151004
1289264,l149318,209.4,20151004
1192185,l741497008,4.4,20151004
1402049,l7633557l,59,20151004
1255016,l850391083,70.8,20151004
1238175,l915434666,5,20151004
1353361,l990521,2,20151004
929171,laishixion,18,20151004
1114629,laohebc,40.2,20151004
1261443,laoshulaoshu2015,16,20151004
1325031,law980078833,1286,20151004
1303434,lb326140884,58,20151004
1046193,lba7366,627,20151004
1393655,lbfwan123456,8,20151004
1214334,lbl188,890.8,20151004
1011674,lbw2014,20.4,20151004
1162305,lc588888,17,20151004
1373591,lcl1688,401.2,20151004
1399830,lcy7758,0.8,20151004
1381336,lcz171613,1877,20151004
1084016,ldx13700004663,14,20151004
1191445,lei2538439995,1415,20151004
991755,lengleng,27.2,20151004
1398851,leyan918,800.8,20151004
1203131,lfd2010,821.6,20151004
1270779,lgp19820626,18,20151004
1190309,lgz952325481,8,20151004
1268850,lh00001,670,20151004
1339549,lhn0214,2,20151004
1040865,lhxp667,700,20151004
1341280,li123shuai,15.4,20151004
1402544,li1323589,412,20151004
1396353,li15127666484,4,20151004
1399642,li15801263420,100,20151004
1369925,li15935377452,0.8,20151004
958264,li760830,68,20151004
1298456,li8442326,2.8,20151004
1071045,lifeng8,4,20151004
1188444,lige110,1.2,20151004
1370275,lihongxiu,2,20151004
1297376,lihua0906,2763,20151004
1339206,lijian253100755,4,20151004
1221527,likejia,3865,20151004
704734,likely520,148.4,20151004
1368100,lilivey,40,20151004
1107289,limengjianjian,1118,20151004
1296614,limingchao,13.4,20151004
599381,lin1315,12,20151004
1400048,lin382819172,3.2,20151004
1069259,lin6255415,584,20151004
1387767,linbo19930205,52,20151004
1033965,lingpao123,30,20151004
1364839,linzexu888,8,20151004
1191444,liu0011,2,20151004
1376779,liu2437857416,2,20151004
1338710,liu8325240,1245.2,20151004
1100931,liubao11,2275.6,20151004
956914,liuhui781201,44,20151004
1245569,liuq820419,202,20151004
1316597,liutao1226,6,20151004
1284042,livelysrd110,2,20151004
1072331,lixiankun2011,2,20151004
1269793,lixiaopeng,42.6,20151004
1381369,lixinliu1,2,20151004
1167270,lixujiaqq,5168.4,20151004
1369708,liyahui,155.2,20151004
1205188,liyatss,988,20151004
1398261,lizhenliang88,22.2,20151004
1394351,lizhichonglai,122,20151004
1275935,lj18582418866,574.4,20151004
589809,lkl2010,2,20151004
887879,ll2381704141,4,20151004
1402682,ll2660,1,20151004
1283315,ll317265211,0.4,20151004
1269200,llp1984,890.4,20151004
1307949,lmh009e,6,20151004
1394216,lmn美,58,20151004
1157655,ln664858633,14,20151004
1376306,loliipop521,54,20151004
1261261,long71730700,2,20151004
1386641,longshanquan,5.4,20151004
1398833,loverkahan,2,20151004
800075,loveyan2020,6,20151004
1286672,loveyouhlj,90,20151004
991217,lp2106241980,4,20151004
1184146,lphfhpt,4,20151004
1381575,ls19841111,27349,20151004
1262489,lsj243059,508.2,20151004
1402450,lsl凌松林,62,20151004
1340498,lsyccc666,8,20151004
996076,lu0906,14,20151004
1199207,lulover168,4.8,20151004
1300453,luo183,4,20151004
1393841,luoyichen201155,1,20151004
1293870,luqi777,24.8,20151004
1291377,lushaofeng,0.8,20151004
1272049,lushengabc,4,20151004
1163454,lushuxing,34,20151004
1381132,lwj13928653827,1,20151004
1338330,lx990521,2345.4,20151004
1278708,lxjzqr,1150,20151004
1087284,lxk777,60,20151004
1399761,lxl6688,4,20151004
1378099,lxs726,67.2,20151004
1373366,lydyz36264,4191.4,20151004
957303,lyf853,6,20151004
1301072,lyp529929,55.2,20151004
1104859,lzlhym12,4,20151004
1020592,lzlz5186,110,20151004
1122996,lzx816629,32,20151004
1396992,l冷婵,1.8,20151004
1011743,m11yfrong,0.8,20151004
1079744,m13785377119,18.4,20151004
1295055,m159388,2180,20151004
1383264,m70720,0.2,20151004
1333009,ma15213113340,0.4,20151004
1229295,macal888,12,20151004
1119771,majia2015,8,20151004
1122278,maliy82,40,20151004
1291317,mao088,18,20151004
1268595,maxiaohua,537.6,20151004
1229770,mayangjian001,1.2,20151004
1336755,maying888,354.8,20151004
2424,mb66666666,212,20151004
104905,mbfuqi,0.6,20151004
630392,mblsjjj,322,20151004
1287814,md998,200,20151004
1399746,meiyuxs,458,20151004
1400747,memorysky1,192,20151004
1377458,mengbudao1202,67.2,20151004
564314,mglt888,240,20151004
1397090,mg拥抱,0.6,20151004
1366453,miaolian001,0.8,20151004
1380412,miguanguan,25,20151004
1370278,mikksss,2.6,20151004
1158716,misiwang,1090.8,20151004
1308155,mjb2615255,644.6,20151004
723673,mjz2444,40.6,20151004
1221616,mlj8889,2,20151004
1379927,mm121,453.6,20151004
1373258,mm299885,30,20151004
1380968,mm569426763,0.2,20151004
749441,mmgg025,10,20151004
809172,mmgg3377,0.4,20151004
906692,mmkk66,2,20151004
1385462,moli,4.2,20151004
1396005,moqiuwan1212,0.2,20151004
1372594,mosh0618,3.2,20151004
899899,mrj2013,9748.8,20151004
1191099,muxiaoquan598,286,20151004
1385853,muyiyang,267.8,20151004
1398784,mw54321,1476.6,20151004
1001614,mx750107,421.6,20151004
1316145,mxe777,1,20151004
1314608,mxfei605201,22,20151004
1396747,my880209,1,20151004
1148130,mybank888,10,20151004
1396123,myf1234,949.2,20151004
1306881,myj413,4.2,20151004
1259748,naonao2014,3.4,20151004
864121,nature666,77.6,20151004
890581,ncxlyh123,222,20151004
1235943,nikek88,40,20151004
919265,nini5656,1376,20151004
1331171,nqj145145,10,20151004
1255147,ojiayou8,180,20151004
1393863,okok2015,12,20151004
1369640,ole06,498.4,20151004
1278812,ony666,292,20151004
1327973,oy19900123,69.4,20151004
1229663,p11480,9,20151004
1235208,p15210,20978.6,20151004
1243490,p777999,1,20151004
1289399,pa13285075517,3.6,20151004
1370373,pandeng8888,121,20151004
1385104,pangzi0066,56.6,20151004
1386394,panshiyin123,332.8,20151004
848535,paradox1,1,20151004
1373761,pb黄8298,72,20151004
1377505,pd18931567929,0.4,20151004
1403943,peng147852,1342.6,20151004
1073767,penglai6688,16,20151004
916455,ph13931036827,6.8,20151004
1224223,ph158nb1,4,20151004
1200545,ph8888,84.8,20151004
1368162,phc18081309968,39.6,20151004
1162926,phf1835427,1,20151004
1368652,piao5678,3803,20151004
1244453,pingan284,14.2,20151004
1153689,pingping168,8,20151004
1237841,pjy7788,20,20151004
1279226,pk2015,34,20151004
1311685,plm0plm,282.6,20151004
1004377,pohaizi,1.2,20151004
919882,power1986,562,20151004
694033,power832,100,20151004
1165209,pp979p,130,20151004
531983,pr2020,0.4,20151004
547285,pr2021,1046,20151004
1397729,pslg18935562534,1.2,20151004
1319731,pu116,14,20151004
1114495,pujie168,30.6,20151004
1216469,pygaism521,0.4,20151004
1228354,q12950,4,20151004
1387031,q15045844442,0.2,20151004
1299563,q15909089788,338,20151004
1340530,q415330643,20,20151004
1395500,q41806279,1447,20151004
647652,q69818001,2,20151004
1207141,q793289114,0.4,20151004
1384371,qdh0797,6,20151004
1161618,qdshx2632,8,20151004
1281071,qianbao69,3.4,20151004
1243478,qiancheng0211,2,20151004
1139430,qiao201314,204,20151004
1294745,qiaoyanhui,482,20151004
1105875,qingge18,70,20151004
1281239,qingxin88,64,20151004
1174490,qingxiu888,1356,20151004
1397789,qinyu8888,9,20151004
1177303,qixianfeng823,0.6,20151004
1336976,qixiaoxiao99,28,20151004
1166058,qjh123,274,20151004
537327,qjx777,84,20151004
820254,qq101349,149.6,20151004
1387000,qq1014588517,7,20151004
1328844,qq1121374400,100.4,20151004
1386355,qq13583328629,0.6,20151004
1024903,qq1397711605,136,20151004
909497,qq165328203,4,20151004
1382203,qq2278136098,18,20151004
1375774,qq2336610043,2,20151004
1286802,qq2548759525,1941.4,20151004
985807,qq262744919,30200,20151004
1378897,qq352919561,36.8,20151004
1307051,qq353985707,0.6,20151004
1333793,qq381985220,2.2,20151004
1371852,qq383340053,172,20151004
1386239,qq396750250,2,20151004
1381616,qq421932605,500,20151004
1370606,qq44889,2102,20151004
1341294,qq450115463,31.8,20151004
1164668,qq495343936,800,20151004
1301521,qq506495751,0.6,20151004
1080483,qq532219816,61.8,20151004
1386202,qq535835304,11,20151004
1327147,qq554525655,2,20151004
911396,qq5677820,20274,20151004
1287004,qq634099598,0.4,20151004
1328876,qq814380939,80,20151004
1402512,qq83213874,1.2,20151004
1336643,qq841356374,30.6,20151004
1395613,qq84665636,10,20151004
915090,qq914383455,400,20151004
1178183,qq917074215,218.4,20151004
1305147,qq972220017,2,20151004
1371617,qq992322583,2.2,20151004
1367332,qqq147258369,560,20151004
624527,qqq243643316,833,20151004
1349175,qqq421734062,0.6,20151004
1337218,qqq814380939,59.8,20151004
1152697,qqwe8904,0.2,20151004
1237161,qswzdj,1.8,20151004
1375150,quanxinfei,20,20151004
1309691,qwe18780987704,6,20151004
1391943,qwe661,0.2,20151004
1147728,qzx7531,17.8,20151004
1012450,r03559,40,20151004
1384099,r13559,504,20151004
1247836,reformwzp,2696.2,20151004
1086432,ren314484,246,20151004
891093,ren888666,847.8,20151004
1401310,ren91318,7340,20151004
886986,renjun987,62,20151004
1340852,rexue25,0.4,20151004
1220078,rongrongjin,16758,20151004
1210054,roy521,58,20151004
1304475,rsrm38161,200,20151004
1374500,ruirui20100806,1564.4,20151004
1274644,ruyan,6,20151004
1367224,ryp7777,550,20151004
1214719,rzc002011,900,20151004
816850,s22880082,2,20151004
1260847,s297294496,24,20151004
1365149,san0711,800,20151004
1237092,sang365,158,20151004
1200607,sb2015,18.4,20151004
1263571,sc0809,874,20151004
1376113,sdqs,1,20151004
1173942,sgf321,42,20151004
774313,sh2267791999,8.4,20151004
1246149,sh520,110.8,20151004
1138300,shangzhiwei888,2,20151004
1382448,shanv70,1.4,20151004
1309029,shaohui8,12,20151004
1382307,shaqianmo,253.4,20151004
361670,shengcai888,8,20151004
1237050,shijietaichao,4.4,20151004
1399187,shiyong10,6.4,20151004
1395659,shiyong7,60,20151004
1395640,shiyong9,46,20151004
1090831,shouzaizai888,0.6,20151004
1335726,showtimehy01,4,20151004
1382499,showtimehy02,4,20151004
1385725,showtimehy03,4,20151004
1389814,showtimehy04,4,20151004
1396364,showtimehy05,4,20151004
1400015,showtimehy06,870,20151004
368082,shuijing518,47.2,20151004
1332142,shuke168,22,20151004
1273995,shuxiaohui,48.6,20151004
757593,singer88,2,20151004
1107800,sisi158,91.4,20151004
1313853,sjl888888,18,20151004
1340786,sjm1478810,12760,20151004
1342276,sjzwsq2015,0.2,20151004
215448,sk0016,2,20151004
960303,sk370959661,2,20151004
1007654,sk870806,10,20151004
1349393,so1224311484,2,20151004
909954,ss4000,8.4,20151004
846256,ss88666,40,20151004
1298976,sssssss11,33,20151004
1176057,sswan526,1.6,20151004
1308464,starwei1976,100,20151004
1242564,stevehebe123,2,20151004
1391379,strman,0.6,20151004
767404,sun6583055,50,20151004
1297216,sun776495852,1040,20151004
1324103,sunyadi888,435,20151004
1380154,sunyadi8888,445,20151004
959494,sxhc001,3684,20151004
1376596,sxp12345,0.8,20151004
1392956,sxrl玩玩,0.6,20151004
1281376,sy666999,240,20151004
879509,szaj888,3465,20151004
1381468,szf885522,123.4,20151004
1190252,szyu888,9,20151004
1112158,szyxwh,2,20151004
1340933,tangjie,4.4,20151004
892386,tangshan858,28,20151004
907675,tangya,820.8,20151004
1374567,tao910888,100,20151004
351459,tea888,1032,20151004
1266147,tenglong0002,14,20151004
1247507,tentythree,8,20151004
1300135,test111111,14,20151004
1398036,thc535583474,192,20151004
1382077,tian139132,4,20151004
1197570,tiandiren,2,20151004
1400634,tianjun886,1.6,20151004
1299369,tiantianyang,969.2,20151004
825417,tianxia3012,6,20151004
1371330,tianya150,0.8,20151004
1399833,tianyi861008,2,20151004
1269532,tianyou311,44,20151004
978431,tigerjinhoo8888,7,20151004
1382733,ting5968462,4,20151004
1225096,tingting825000,108,20151004
906268,tingyu44,5400,20151004
1403985,tlc8888,38,20151004
1330998,tmac135,72.6,20151004
964590,tmac555,100.8,20151004
1389694,todoistobe,0.8,20151004
1335928,tt521531,252,20151004
1378827,tutuhaha,10842,20151004
629890,tututata,2,20151004
1386401,twf456,94,20151004
1223943,twyken1,2766,20151004
862170,ty8276,289.8,20151004
1075133,tym2014,3510,20151004
1381356,tyu888888,196,20151004
1273817,tyx666888,88.8,20151004
1400311,un88880,1897.6,20151004
1222715,under,1230,20151004
1325864,usamibbs,490,20151004
1396017,uvn888,10,20151004
608668,vip00111,260,20151004
612844,vip00119,26,20151004
610632,vip147,6,20151004
1339137,vip15777,36,20151004
1335860,vip7722,1216,20151004
1335947,vip9290,1,20151004
744413,vv789vv,492,20151004
1394973,w1359w,102,20151004
1395360,w151346,1.4,20151004
1071279,w15152112239,2,20151004
951731,w15213481586,128.2,20151004
1391056,w1526043502,16,20151004
1340964,w15690,1,20151004
1378087,w15922766875,4,20151004
1372324,w185294470,12,20151004
1395769,w198541,1.4,20151004
902096,w3107256,384,20151004
1285808,w33881100,107.2,20151004
1369582,w425340009,6,20151004
1232150,w463826899,130,20151004
1107264,w594768528,2,20151004
1402253,w702666782,10,20151004
1341074,w7551,55,20151004
1377921,w765192048,1.2,20151004
1393870,w76721774,28.8,20151004
1402989,w88818,7.6,20151004
1263299,w971942125,0.4,20151004
1289200,w999999,10.4,20151004
1376396,wan117639823,32,20151004
1015909,wanc009,8.4,20151004
1400360,wang0515,2,20151004
1378095,wang1314888,130.2,20151004
1400225,wang18740334613,474,20151004
1378017,wang419488323,40.6,20151004
1371308,wang4811,20.8,20151004
1283525,wang56658061,1,20151004
1392618,wangbaduzi,2,20151004
1320643,wangbing8,1,20151004
1400213,wangji,12,20151004
1235710,wanglong,116,20151004
1316216,wangrufa123,8.2,20151004
1258937,wangshibo1208,124,20151004
1275871,wangxiao72,12,20151004
1398707,wangyanling8888,950,20151004
1402503,wangzhen890815,0.4,20151004
1396136,wangzw6788,15,20151004
1217169,wanjiange888,4662,20151004
1403206,wanmingfu,100,20151004
1401944,waxfe147,9.6,20151004
1398413,wc2036093,2,20151004
1392344,wcm13734617792,10.8,20151004
1396658,wdk123456,4.8,20151004
1138060,wdz999915,260,20151004
1169753,weeksunny,0.8,20151004
1375107,wei343572704,2.8,20151004
1383912,wei358358,0.6,20151004
740325,wei3796,252,20151004
1395189,wei587,1,20151004
1385107,wei870916,6,20151004
1288660,weimeipiju,1092.4,20151004
1379499,weixianpaidang,62,20151004
1399104,weixiao5,16979.6,20151004
1219165,wen7771,1.8,20151004
1210559,wg188003,2,20151004
1273477,wgglgg,13366,20151004
1403734,wgr301,843,20151004
1220011,wh201298,252,20151004
1224916,what,42,20151004
1391394,whj168,7,20151004
1383832,whlb0755888,26,20151004
511219,win5181,8,20151004
959237,wjg123123,2,20151004
1340533,wjruien,1328,20151004
1387236,wjw3263,27.6,20151004
1259554,wl1622,0.6,20151004
1390967,wo55558888,866,20151004
1293281,wo565144423,240,20151004
1298564,wo6789,0.2,20151004
1238994,woshifhh,0.4,20151004
978326,woyaozhong777,440.6,20151004
1380734,woyipiaomiao,1,20151004
1293866,wq2028,1516.2,20151004
1375086,wq2211,0.6,20151004
1339197,wqj651675920,2,20151004
816135,wrx0000,80,20151004
1196603,wsf1019,6,20151004
1050046,wssbinbin580,30,20151004
1398557,wssx158851,0.8,20151004
1327424,wszcx222,1244.6,20151004
1250175,wt6190502xx,4.4,20151004
1301424,wtsdx,0.4,20151004
1270926,wtt1886,30,20151004
1081850,wu1518,4,20151004
1378025,wu168,32.2,20151004
1061606,wu660668,112,20151004
1378529,wujinhai557204,800,20151004
1337503,wushangwang8888,13,20151004
1076177,wuwmiao13965,0.8,20151004
1265303,ww168,550,20151004
1294242,ww45678,2,20151004
1082298,ww464170811,8.2,20151004
845109,ww811012,1,20151004
1319970,ww88,192,20151004
1314864,wwb321,8,20151004
496957,www900,4.6,20151004
885434,wwzz234,468,20151004
1335975,ww甜甜,0.4,20151004
1278796,wx0211,2,20151004
1284300,wx1557333960,0.8,20151004
1343234,wxd19890810,38,20151004
1366306,wxw18625077521,1.6,20151004
1336285,wy0705,200,20151004
1390417,wy20141015,10.4,20151004
1338448,wyc88888,8,20151004
1378081,wyr1996,148,20151004
1147805,wyz1026014393,80,20151004
796424,wzb1800,991.6,20151004
977167,wzjw518,2.2,20151004
1331771,wzqbdr,300,20151004
761714,x13930315314,2,20151004
1314377,x1596816913,402,20151004
1244708,x2432001,1.6,20151004
1275442,x550354278,2,20151004
1148511,x741119,68,20151004
1049685,x867325272,10,20151004
1403758,xamtlmd2000,313.2,20151004
1076248,xamtlmd2010,32.4,20151004
1368290,xb15293356282,379.8,20151004
1327861,xdy2015,0.6,20151004
1326321,xeqhq1402626857,3,20151004
1234749,xf643630782,0.6,20151004
1370897,xfdxuyang888,137.2,20151004
1397271,xiang1995,2,20151004
1177378,xiangshui021,510,20151004
1102062,xiangwangabc,0.2,20151004
1329882,xiao6689,8,20151004
263060,xiao825,300,20151004
703497,xiao863,1200,20151004
1272024,xiaobaba,4,20151004
1237351,xiaobei2013,39.2,20151004
1284337,xiaobinfacai6868,1,20151004
1368967,xiaodhappy,182,20151004
1278322,xiaodi0523,4.4,20151004
1285357,xiaofeibeicao,3152,20151004
1118202,xiaohu7770,30,20151004
1029839,xiaolifeidao1203,433,20151004
1284445,xiaoqing28,19.2,20151004
1403908,xiaoqun,6,20151004
934286,xiaoxia555,2200,20151004
1400184,xiaoxiaocao,2,20151004
1390117,xiaoxintang,40,20151004
1067500,xiaozhang5188,36,20151004
1364720,xiao飞哥,58.4,20151004
1147972,xiayiye,2,20151004
1087740,xie2814,10,20151004
935157,xielin58555,48,20151004
1387251,xinqing,12,20151004
1403047,xinyun03551,41.8,20151004
1394509,xiongmao,52.2,20151004
1160244,xjzpk521,37,20151004
1391664,xlwangying,0.8,20151004
1336576,xlzxy2020,50948,20151004
1379072,xmf880331,20,20151004
1374194,xp0116,1,20151004
1270404,xpaul,10,20151004
1316143,xrr777,24.8,20151004
1067077,xs13752353297,20,20151004
1374605,xtjnw8600,4.4,20151004
1378569,xu66668888,20,20151004
823578,xuanruan,14,20151004
1316551,xunminggg,660,20151004
1392443,xuyantian,123,20151004
1377774,xuzhang339,34,20151004
802668,xw6688a,189.2,20151004
1281964,xx835,31.2,20151004
1300555,xxxxxx218623,2,20151004
1295152,xyb350691,2,20151004
1397951,xyq861014,0.2,20151004
1248807,xyz2015,564,20151004
1239135,xyzf2017,352,20151004
1225500,y15937611002,0.2,20151004
1191030,y2981074808,338,20151004
1327866,y52013140,0.4,20151004
1376683,y604794155,5.2,20151004
1403918,y907504619,0.2,20151004
547283,yadd000,480,20151004
1105371,yadd0377,4.6,20151004
1366730,yan2201345,92,20151004
1066997,yanchong518,0.4,20151004
1279304,yang149501074,148,20151004
1290753,yang2000820,0.2,20151004
1158619,yangdan1414,7,20151004
849486,yangfei518,92,20151004
1257254,yangguiqin,420.8,20151004
909135,yangjun126866,7.4,20151004
1290618,yangjun2015,488,20151004
1230198,yangliang521,12.6,20151004
1368646,yangtao198823,14,20151004
1395335,yangyu,95.6,20151004
1161963,yangzhibo888888,328.6,20151004
1068880,yaomeifang888,7787.8,20151004
1049811,ycj447862398,2,20151004
1280490,yelang993,17,20151004
1340218,yemi,17.4,20151004
1340462,yes1888,61.6,20151004
1220095,yeyesen,2288.6,20151004
1389523,yfhaohaogan,60,20151004
1189436,ygss15234359241,42,20151004
1103585,yhq8888,4,20151004
1184613,yige888888,106,20151004
1403504,yigehaoren,2,20151004
1393293,yijian861026,2.4,20151004
1206452,yingying007,496,20151004
1248266,yinhao,5.6,20151004
1238258,yinshizeng,58.6,20151004
1239305,yinyanlin521,1.4,20151004
1316100,yiqieguoqu1229,2418,20151004
1244051,yiwanfuhao999,9.2,20151004
1381418,yixia2016,0.8,20151004
1393739,yj917,0.8,20151004
846002,yjm11290518,3272,20151004
954776,ymf16889,12922,20151004
1074022,ymjr658,0.4,20151004
1275363,yn520gy,0.6,20151004
1371085,yongyuanyongyuan,1,20151004
1396021,youling888,6,20151004
1187644,youyun888,344.2,20151004
855844,yoyo388023,518.4,20151004
1105860,yq131613,8.6,20151004
1176274,ytsyuhua001,0.2,20151004
1400471,yu0075,6.4,20151004
1213172,yu0611,2746.8,20151004
1245653,yu220422yu,0.2,20151004
1216177,yu2805015581,2,20151004
1037037,yuan88188,2746,20151004
1240200,yuanshaojun11,22,20151004
1308452,yuanyong1118,123.4,20151004
907421,yunfei2018,124,20151004
1388006,yuqi,21.6,20151004
1341163,yuweuxian666,94,20151004
1186372,yuxin508,4,20151004
798439,yw906407839,4,20151004
1306650,ywfy,846.8,20151004
1337775,yy1128,12,20151004
898907,yy1232091301,2680,20151004
1367549,yy2840930092,1260,20151004
997059,yy576591669,8,20151004
896524,yyzsjyww,80,20151004
1390557,yzq帅的太过分,0.4,20151004
1100062,yzx56789,24,20151004
1234714,z1316579054,4052,20151004
1398950,z13852576779,854,20151004
1327951,z15910107065,53.8,20151004
1287406,z15935991314,102,20151004
969304,z2543365623,600,20151004
1273962,z296909938,84,20151004
1249241,z364244742,1.4,20151004
1102639,z664985226,2137.8,20151004
1246780,z791169870,531.6,20151004
1265566,zcf2015,1.6,20151004
1374852,zd1988,1327.4,20151004
1336753,zf2015yz,2,20151004
999365,zg111110,332.4,20151004
1395702,zgw254523595,17.8,20151004
842157,zh218218,2,20151004
1279580,zh88688,128,20151004
1262814,zha1234,22.2,20151004
1373434,zhang169157,8.2,20151004
1368610,zhang627125055,2,20151004
1241640,zhang812121299,16,20151004
1371562,zhanghaixu,0.4,20151004
1379406,zhanghongwei2015,1971.6,20151004
1391095,zhanghuai8888,206.8,20151004
1372535,zhangjun123,9.6,20151004
1275272,zhangtian660129,21.6,20151004
1273383,zhangxd2,12,20151004
1228548,zhangxd69105,6175,20151004
693443,zhanlei3789,2,20151004
1152931,zhaodeshuen88,32.4,20151004
1391797,zhaohua987,8,20151004
1054642,zhaojl3359,2,20151004
1018374,zhaoweipeng,100,20151004
1329478,zhaozkb,2,20151004
1332033,zhen258,118,20151004
1375988,zhengde,56,20151004
884179,zhengjz88,432,20151004
953979,zhitongche,8,20151004
1396470,zhl881214,0.4,20151004
1217242,zhong19860922,2,20151004
1291799,zhongguoren888,1.2,20151004
1401073,zhongzidan,2,20151004
1022534,zhouj888,126,20151004
1045885,zhoushuangyan80,830,20151004
1157553,zhouwu531460346,24,20151004
1398870,zhsokwtf,445,20151004
1367811,zhu1809551,28.4,20151004
1369010,zhu19880821,3,20151004
1304487,zhu890126,0.8,20151004
1044841,zhuan813,9.2,20151004
1216032,zhuangp9999,520.8,20151004
541489,zhuchaohu123,172,20151004
1379785,zhuren888,2420,20151004
1381733,zhuxunqiao,0.2,20151004
710576,zhuzi1122,4,20151004
1025693,zhuzi6688,100,20151004
1249096,zhw15889250969,1,20151004
705449,zhw666,3002.6,20151004
1368947,zj2088,7.2,20151004
1267010,zj860910,2.8,20151004
1205209,zjk188,0.6,20151004
1241398,zjq900128,30,20151004
1115493,zjw829,610,20151004
914787,zjx1019,118.8,20151004
1309254,zk00000,11,20151004
1239811,zk13568086361,0.6,20151004
1276765,zkxl521,108,20151004
1276054,zl666999,154.8,20151004
1372217,zlc520,6,20151004
1306053,zlmlmj,4,20151004
1061833,zn521111,14,20151004
894371,zqdl789,32353.2,20151004
1309859,zs851013,78,20151004
1265317,zsj888,10,20151004
1086418,zsm944858,12,20151004
695817,zsy6666,2.4,20151004
1303825,zt8305111,14,20151004
1184026,zt870917,1046,20151004
1392901,ztdpp1,26,20151004
1377645,zuxuanwang,0.8,20151004
1368182,zwj1979,39,20151004
1299019,zww95188,2,20151004
1382236,zx15229445988,1252,20151004
1263597,zxc688,17670,20151004
1279259,zxf13903579078,180,20151004
1382009,zxj18842853916,2,20151004
1376370,zxz18633317232,2,20151004
1314351,zy1340447,334,20151004
1403027,zy723945400,4,20151004
1169347,zyf111888,2,20151004
910275,zyx0407,120,20151004
1330920,zyx521,8,20151004
1314172,zz0929,8,20151004
1343113,zz15016862478,322.6,20151004
1165574,zza8989,10,20151004
1166894,zzqixing,1309,20151004
1397991,zzz195,0.8,20151004
1394405,zzz297980138,2275,20151004
1280138,阿凯2015,7,20151004
1403098,啊迪,4,20151004
1368399,爱吃猫的鱼,2,20151004
1379446,爱巧克力,1.6,20151004
1377234,爱玩游戏,712,20151004
1311950,爱我的一个人,8,20151004
1387961,爱在飞扬,10,20151004
1333706,暗里着迷丶,68,20151004
1390047,暗夜,0.6,20151004
1228226,霸气十足2,56,20151004
1236692,白菜价格500,20.6,20151004
1394985,百里屠夫,2,20151004
1210168,半空浪子,1.2,20151004
1383758,保宪1568,468,20151004
1382131,北斗星,62,20151004
1175923,被爱的美人儿,1.6,20151004
1290870,奔跑男孩,6,20151004
1226301,笨笨,0.4,20151004
1220332,边君校无双,10.4,20151004
1394400,博彩皇帝摩尔,756,20151004
1375595,不讨喜儿,12,20151004
1341397,彩民白富美,3216.8,20151004
1367690,彩神123,158,20151004
1283218,彩神松原998998,32,20151004
1396127,蔡氏彩王,2040,20151004
1252672,常美丽,68,20151004
1284964,尘1234,4,20151004
1369700,沉尘雨,3,20151004
1316504,陈利00,1026,20151004
1382016,陈宁华,428,20151004
1366455,陈总,172.2,20151004
1397852,聪明的笨蛋2,1.2,20151004
1398291,聪明的笨蛋4,51.2,20151004
1367792,打死小烦,20,20151004
1398385,大财迷,97,20151004
1380050,大浪淘沙,8,20151004
1217761,大浪淘沙2580,44,20151004
1390489,大周888888,60,20151004
1381234,呆呆520,4700,20151004
1396096,滴水穿石,0.2,20151004
1277296,地瓜很无聊啊,189,20151004
1315467,电脑高手,62,20151004
1252435,丁丁918,30,20151004
1305584,丁哥战神,1,20151004
1397664,东东521,18,20151004
1295182,都爱玩,4,20151004
1381711,逗号188,2,20151004
1390446,独孤败天,2,20151004
1365439,独狼jacky,0.2,20151004
1381884,赌神8888,1,20151004
1380583,发财树,26,20151004
1399667,繁华落进,2,20151004
1234905,飞扬教练,148.8,20151004
1294693,奋斗的小鸟,304,20151004
1289081,风的寂寞云知道,64,20151004
1389402,风风,52.8,20151004
1403730,风过无烟,994,20151004
1283995,风痕mjy,50,20151004
1391396,风洋,0.2,20151004
1307591,锋哥,434,20151004
1317369,冯广福2,1.2,20151004
1398051,逢赌必中,2,20151004
1377129,凤凰5201314,100,20151004
1271754,凤凰fh,862,20151004
1398582,福布斯888,9.8,20151004
1177612,福彩星,2.4,20151004
1208830,富权fuquan365,8.4,20151004
1334738,葛坤1234,174.4,20151004
1377871,给次机会吧,10008.8,20151004
1240015,庚荣2727,20.4,20151004
1382692,光辉岁月518,0.2,20151004
1383305,轨迹无痕8,2,20151004
1395933,哈哥,4,20151004
1284988,哈哈88,1.8,20151004
1398062,海绵宝宝,72,20151004
1375387,寒绪03,36,20151004
1312029,行云流水zt,30,20151004
1402956,好运连连伴我行,136,20151004
1207774,郝如林,0.6,20151004
1372092,皓月清风888,29,20151004
1383583,何方,0.2,20151004
1343598,河南人就是狂,182.2,20151004
1249189,黑玫瑰,46,20151004
1382429,红领,14,20151004
1238513,猴子红,933.2,20151004
1371910,胡新1314,60,20151004
1299903,胡子,196,20151004
1391378,花都,0.6,20151004
1380305,换一个,40,20151004
1325706,黄春凡,56,20151004
1368974,凰锋25888888,54,20151004
1395777,辉煌k,0.6,20151004
1403383,辉煌未来,110,20151004
1399348,火炎焱,1040,20151004
1341742,机缘巧合,13.4,20151004
1375064,吉祥ww,8,20151004
1278306,极度深寒,1.2,20151004
1386098,加人有约,0.6,20151004
1364713,江湖小虾米,106,20151004
1365065,江影若梦,2.2,20151004
1395978,娇女阿贞,22.4,20151004
1399176,金元宝88888888,50292,20151004
1272635,金子发大财,3,20151004
1332434,锦衣夜行,434,20151004
1365582,军魂,378,20151004
1311772,凯走运,40,20151004
1391183,康康888,0.4,20151004
1296572,可口可乐,10,20151004
1333737,可以清心也,76,20151004
1382246,哭泣杀神,1470,20151004
1256035,快乐,3.2,20151004
1270134,快乐2005,4.2,20151004
1369377,狂煞博彩大神,5,20151004
1241091,狼行天下321,210,20151004
1394692,老兵,92,20151004
1399863,老佘人生如梦,2,20151004
1281865,老涛12345,1,20151004
1236079,老顽童1737,1850.4,20151004
1403883,老顽童发发,163.8,20151004
1333916,唠叨一下,100,20151004
1389019,乐卡克,4.8,20151004
1393552,乐在天天,12,20151004
1391406,雷迪嘎嘎,29.8,20151004
1298832,雷厉风行,4.6,20151004
1306174,冷暖自知,0.4,20151004
1255158,李a18888,82,20151004
1377066,李大本事,215.6,20151004
1398724,李胡涛涛,2,20151004
1399446,李龙少,41.6,20151004
1366071,励来顺收,4.4,20151004
1353621,恋晨1,1809.2,20151004
1275072,猎人恋,1.6,20151004
1378371,凌雁,52,20151004
1337014,刘董,0.4,20151004
1400026,流水行云zt,114,20151004
1389124,龙1314520,0.8,20151004
1301143,龙腾虎跃,426,20151004
1400537,卢振华,0.4,20151004
1308583,马辉,6.4,20151004
1336623,马晶晶,36,20151004
1400432,漫歌,36,20151004
1399387,毛呆呆1314,6000,20151004
1398861,毛仔v毛毛,941,20151004
1322576,茂泉678,122,20151004
1382223,梅红磊3,0.2,20151004
1373118,蒙古明哥1,76,20151004
1343260,喵喵豆,2,20151004
1401787,秒忘,15,20151004
1391436,闽星,228,20151004
1336124,眀天依然美好,4,20151004
1378792,茉莉蜜茶ty,812,20151004
1343458,莫待萧萧,160,20151004
1310872,默读的春天,462,20151004
1403529,默默珍惜,62,20151004
1393684,慕容龙洋,9.4,20151004
1382530,拿着弹弓打飞机a,0.8,20151004
1304500,那个大宝,3.2,20151004
1392571,纳纳纳纳,313.6,20151004
1395312,南归的雁,68,20151004
1384122,南通冬哥,12,20151004
1338604,楠楠521,14.2,20151004
1370389,牛牛牛1,5,20151004
1249674,农夫侃彩,340,20151004
1285147,偶然zdj,1,20151004
1370071,啪啪pas,422,20151004
1373987,胖胖,259.2,20151004
1338160,鹏鹏888,1076.8,20151004
1284397,平凡木子,8,20151004
1385945,漆黑的狼窝,42.8,20151004
1297343,钱多多678,15.4,20151004
1336268,钱来疯,40.8,20151004
1222571,黔城,42,20151004
1236708,强子3972,1.6,20151004
1371389,青青5885,3,20151004
1342335,青山,1.4,20151004
1394206,清新808,0.4,20151004
1392338,晴先生,159.8,20151004
1396894,秋晨12345678,0.2,20151004
1380742,人在天涯40666,32,20151004
1274935,三轮摩托,47.2,20151004
1382919,山东人,1150,20151004
1397637,山里人进城,0.8,20151004
1262899,善良的口魂,22,20151004
1220945,善缘使者福,4.8,20151004
1392588,上古财神,66,20151004
1283963,上海冷漠,1132,20151004
1270503,上你的课,8,20151004
1371400,尚文国际,20,20151004
1231925,神箭者别,133.4,20151004
1371982,神马东东,2,20151004
1261927,神算天命,10.8,20151004
1386410,神仙湾,2639.6,20151004
1238287,神一样的存在,58.4,20151004
1372635,沈丽美88,20,20151004
1276048,胜利在呼唤,50,20151004
1392408,石砳磊,20,20151004
1395092,石门段坤,40.2,20151004
1372252,石头兄,104.6,20151004
1397949,史斌斌,0.2,20151004
1373655,逝去的青春,56,20151004
1301173,四季发财,14,20151004
1331544,宋大师,4,20151004
1382912,苏三,4181.8,20151004
1262051,孙进,32,20151004
1381010,陶765274474,6,20151004
1246525,腾云化马,4,20151004
1292058,天幕红尘,12.4,20151004
1320928,天天不中,42,20151004
1377924,天天都想中,28,20151004
1403111,天楽,4.8,20151004
1374201,突然不想你,326,20151004
1327915,娃娃鱼lag,1728,20151004
1299810,玩玩乐乐,830,20151004
1330886,万里江山,1.4,20151004
1278110,万振,0.4,20151004
1364833,王的女人,20.2,20151004
1397934,王计春wang,4,20151004
1400051,王军6416821,1155.2,20151004
1393387,王明阳,2,20151004
1396116,王氏彩王,94,20151004
1394014,网事随风,2,20151004
1313094,网缘,2,20151004
1399412,旺旺大礼包,0.2,20151004
1401432,旺旺送福,0.6,20151004
1369710,我爱陈奕迅啊啊啊,112,20151004
1381755,我跟定你了,178,20151004
1336538,我来踩踩,38,20151004
1337990,我是多余人,303,20151004
1274638,我是你志哥哥,2,20151004
1267373,我喜欢lxwzj,69.4,20151004
1399731,我想你了你在哪,584,20151004
1400417,我要翻身,0.6,20151004
1375119,无敌2288,10.4,20151004
1383023,无奈yh198595,4,20151004
1377887,无心1501590098,2,20151004
1394017,西门吹血一好,0.4,20151004
1388685,汐汐粑粑,577.2,20151004
1376848,囍中五元,600,20151004
1289522,闲情逸致,820,20151004
1380907,相信,1.2,20151004
1387203,香烟爱上火柴,829,20151004
1316662,祥宝,116,20151004
1281470,小白菜,7.4,20151004
1391416,小呆呆,72.6,20151004
1384174,小灰灰家爹,12,20151004
1377271,小林林小林林123,292,20151004
1231878,小灵仙,4,20151004
1393899,小满意,2294,20151004
1403192,小强3937,311,20151004
1223332,小清新596356668,0.2,20151004
1403424,小十四,2511.4,20151004
1395870,小甜瓜,53.4,20151004
1285285,小武哥123456,214,20151004
1398828,小西斯one888,2,20151004
1311272,小小心,1.4,20151004
1286452,笑八仙518,304,20151004
1225420,鑫莹,14,20151004
1378594,星梦缘,6,20151004
1371667,星星6154763,1222,20151004
1394342,星爷2852,4,20151004
1339213,幸福演绎,40,20151004
1257612,许子920761935,214,20151004
1380625,薛妞妞18,9.6,20151004
1245736,血眼修罗,2.8,20151004
1399260,丫丫的喂,47.2,20151004
1383689,烟花烙清荷怨,582,20151004
1337308,闫展硕,2,20151004
1398075,妍妍727,22,20151004
1381560,焰辉,0.8,20151004
1381004,阳光联盟,1.4,20151004
1273176,杨改过,1175.6,20151004
1175735,叶杭锋,3.6,20151004
1314633,夜猫博彩,284,20151004
1308433,夜听风夜,30.6,20151004
1402691,一不知道一,320.2,20151004
1346225,一个人格调,3.2,20151004
1379015,一切成空,0.4,20151004
1386874,一如既往997,114,20151004
1303329,一只可爱的草泥马,3,20151004
1375825,以个屌,112.6,20151004
1395480,永静,35760,20151004
1380315,永娟946586,200,20151004
1191628,永平,20.2,20151004
1273829,永强,2,20151004
1224398,永永,20,20151004
1400710,用户名1,428.8,20151004
1296152,幽香,4,20151004
1379733,油条,80,20151004
1201142,有趣,10,20151004
1398613,有一个蘑菇,43.6,20151004
1319882,雨燕1688,59,20151004
1380739,缘来1000万,0.2,20151004
1248820,月仙0515,312,20151004
1257030,云中布衣,162,20151004
1211269,云中仙圣,280,20151004
1250644,韵清流,2,20151004
1379809,再见青春,8.8,20151004
1395926,战神8090,0.8,20151004
1375697,张栋辉a,61.6,20151004
1391030,张浩19940,2.6,20151004
1280251,张慧,2.6,20151004
1280144,张三爷12345,0.2,20151004
1376234,张涛12345678,8.8,20151004
1381054,张西良40101,32,20151004
1386190,赵辰201,1.6,20151004
1393911,赵猛,0.2,20151004
1389334,正男吴七七,142,20151004
1385828,正能量,200.4,20151004
1270789,郑剑锋,251.6,20151004
1342369,直至以后,5,20151004
1382984,纸手考,1,20151004
1396793,中吧中,4,20151004
1384841,中个奖真难,8269.8,20151004
1375087,中华五千年,510,20151004
1393279,中南大学主任,46,20151004
1371470,中央红军,160,20151004
1368751,自在,21.6,20151004
1376807,醉问青天,2,20151004
1340456,做嗳做的事,67.2,20151004