
delete from GAME_SERIES where lotteryid=99306 ;
delete from GAME_BETTYPE_ASSIST where bettypeid in (select id from GAME_BETTYPE_STATUS where lotteryid=99306);
delete from GAME_BETTYPE_STATUS where lotteryid=99306 ;
delete from GAME_AWARD_GROUP where lotteryid=99306 ;
delete from GAME_AWARD where lotteryid=99306 ;
delete from GAME_MULTIPLE where lotteryid=99306 ;
delete from GAME_HELP where lotteryid=99306 ;
delete from GAME_SERIES_CONFIG where lotteryid=99306 ;
delete from game_issue_template where ruleid in(select id from game_issue_rule where lotteryid=99306 );
delete from game_issue_rule where lotteryid=99306 ;
delete from GAME_RISK_CONFIG where lotteryid=99306 ;
alter table GAME_TREND_TASK modify draw_number VARCHAR2(50);
--insert into GAME_SERIES
insert into GAME_SERIES (ID, LOTTERY_TYPE_CODE, LOTTERY_TYPE_NAME, LOTTERY_SERIES_CODE, LOTTERY_SERIES_NAME, LOTTERYID, LOTTERY_NAME, STATUS, CREATE_TIME, UPDATE_TIME, MINI_LOTTERY_PROFIT, LOTTERY_HELP_DES, MAX_COUNT_ISSUE,LOTTERY_IS_LOCK,CHANGE_STATUS)
values (26, 3, '乐透同区型', 3, '11选5系', 99306, '顺利11选5', 1, sysdate, sysdate, 0.04, '全天：即开', 0,255,11111111);
  
--insert into GAME_BETTYPE_STATUS 
insert into GAME_BETTYPE_STATUS (ID, LOTTERYID, GAME_GROUP_CODE, GAME_SET_CODE, BET_METHOD_CODE, STATUS, CREATE_TIME, UPDATE_TIME, BET_TYPE_CODE, THEORY_BONUS, ORDERBY, GROUP_CODE_NAME, SET_CODE_NAME, METHOD_CODE_NAME, GROUP_CODE_TITLE, SET_CODE_TITLE, METHOD_CODE_TITLE)
values (seq_GAME_BETTYPE_STATUS.Nextval, 99306, 18, 13, 65, 1, sysdate, sysdate, '18_13_65',9240000,  20, 'quwei', 'normal', 'dingdanshuang', '趣味', '趣味', '定单双');
insert into GAME_BETTYPE_STATUS (ID, LOTTERYID, GAME_GROUP_CODE, GAME_SET_CODE, BET_METHOD_CODE, STATUS, CREATE_TIME, UPDATE_TIME, BET_TYPE_CODE, THEORY_BONUS, ORDERBY, GROUP_CODE_NAME, SET_CODE_NAME, METHOD_CODE_NAME, GROUP_CODE_TITLE, SET_CODE_TITLE, METHOD_CODE_TITLE)
values (seq_GAME_BETTYPE_STATUS.Nextval, 99306, 18, 13, 66, 1, sysdate, sysdate, '18_13_66',330000,  20, 'quwei', 'normal', 'caizhongwei', '趣味', '趣味', '猜中位');
insert into GAME_BETTYPE_STATUS (ID, LOTTERYID, GAME_GROUP_CODE, GAME_SET_CODE, BET_METHOD_CODE, STATUS, CREATE_TIME, UPDATE_TIME, BET_TYPE_CODE, THEORY_BONUS, ORDERBY, GROUP_CODE_NAME, SET_CODE_NAME, METHOD_CODE_NAME, GROUP_CODE_TITLE, SET_CODE_TITLE, METHOD_CODE_TITLE)
values (seq_GAME_BETTYPE_STATUS.Nextval, 99306, 22, 20, 10, 1, sysdate, sysdate, '22_20_10',44000, 10, 'xuanyi', 'renxuanyizhongyi', 'fushi', '选一', '任选一中一', '复式');
insert into GAME_BETTYPE_STATUS (ID, LOTTERYID, GAME_GROUP_CODE, GAME_SET_CODE, BET_METHOD_CODE, STATUS, CREATE_TIME, UPDATE_TIME, BET_TYPE_CODE, THEORY_BONUS, ORDERBY, GROUP_CODE_NAME, SET_CODE_NAME, METHOD_CODE_NAME, GROUP_CODE_TITLE, SET_CODE_TITLE, METHOD_CODE_TITLE)
values (seq_GAME_BETTYPE_STATUS.Nextval, 99306, 22, 14, 10, 1, sysdate, sysdate, '22_14_10',220000, 10, 'xuanyi', 'dingweidan', 'fushi', '选一', '定位胆', '复式');
insert into GAME_BETTYPE_STATUS (ID, LOTTERYID, GAME_GROUP_CODE, GAME_SET_CODE, BET_METHOD_CODE, STATUS, CREATE_TIME, UPDATE_TIME, BET_TYPE_CODE, THEORY_BONUS, ORDERBY, GROUP_CODE_NAME, SET_CODE_NAME, METHOD_CODE_NAME, GROUP_CODE_TITLE, SET_CODE_TITLE, METHOD_CODE_TITLE)
values (seq_GAME_BETTYPE_STATUS.Nextval, 99306, 22, 20, 11, 1, sysdate, sysdate, '22_20_11',44000,  10, 'xuanyi', 'renxuanyizhongyi', 'danshi', '选一', '任选一中一', '单式');
insert into GAME_BETTYPE_STATUS (ID, LOTTERYID, GAME_GROUP_CODE, GAME_SET_CODE, BET_METHOD_CODE, STATUS, CREATE_TIME, UPDATE_TIME, BET_TYPE_CODE, THEORY_BONUS, ORDERBY, GROUP_CODE_NAME, SET_CODE_NAME, METHOD_CODE_NAME, GROUP_CODE_TITLE, SET_CODE_TITLE, METHOD_CODE_TITLE)
values (seq_GAME_BETTYPE_STATUS.Nextval, 99306, 22, 12, 10, 1, sysdate, sysdate, '22_12_10',73300,  10, 'xuanyi', 'qiansanyimabudingwei', 'fushi', '选一', '前三一码不定位', '复式');
insert into GAME_BETTYPE_STATUS (ID, LOTTERYID, GAME_GROUP_CODE, GAME_SET_CODE, BET_METHOD_CODE, STATUS, CREATE_TIME, UPDATE_TIME, BET_TYPE_CODE, THEORY_BONUS, ORDERBY, GROUP_CODE_NAME, SET_CODE_NAME, METHOD_CODE_NAME, GROUP_CODE_TITLE, SET_CODE_TITLE, METHOD_CODE_TITLE)
values (seq_GAME_BETTYPE_STATUS.Nextval, 99306, 23, 21, 12, 1, sysdate, sysdate, '23_21_12',110000,  10, 'xuaner', 'renxuanerzhonger', 'renxuandantuo', '选二', '任选二中二', '胆拖');
insert into GAME_BETTYPE_STATUS (ID, LOTTERYID, GAME_GROUP_CODE, GAME_SET_CODE, BET_METHOD_CODE, STATUS, CREATE_TIME, UPDATE_TIME, BET_TYPE_CODE, THEORY_BONUS, ORDERBY, GROUP_CODE_NAME, SET_CODE_NAME, METHOD_CODE_NAME, GROUP_CODE_TITLE, SET_CODE_TITLE, METHOD_CODE_TITLE)
values (seq_GAME_BETTYPE_STATUS.Nextval, 99306, 23, 21, 10, 1, sysdate, sysdate, '23_21_10',110000,  10, 'xuaner', 'renxuanerzhonger', 'renxuanfushi', '选二', '任选二中二', '复式');
insert into GAME_BETTYPE_STATUS (ID, LOTTERYID, GAME_GROUP_CODE, GAME_SET_CODE, BET_METHOD_CODE, STATUS, CREATE_TIME, UPDATE_TIME, BET_TYPE_CODE, THEORY_BONUS, ORDERBY, GROUP_CODE_NAME, SET_CODE_NAME, METHOD_CODE_NAME, GROUP_CODE_TITLE, SET_CODE_TITLE, METHOD_CODE_TITLE)
values (seq_GAME_BETTYPE_STATUS.Nextval, 99306, 23, 11, 12, 1, sysdate, sysdate, '23_11_12',1100000,  10, 'xuaner', 'qianerzuxuan', 'zuxuandantuo', '选二', '前二组选', '胆拖');
insert into GAME_BETTYPE_STATUS (ID, LOTTERYID, GAME_GROUP_CODE, GAME_SET_CODE, BET_METHOD_CODE, STATUS, CREATE_TIME, UPDATE_TIME, BET_TYPE_CODE, THEORY_BONUS, ORDERBY, GROUP_CODE_NAME, SET_CODE_NAME, METHOD_CODE_NAME, GROUP_CODE_TITLE, SET_CODE_TITLE, METHOD_CODE_TITLE)
values (seq_GAME_BETTYPE_STATUS.Nextval, 99306, 23, 11, 10, 1, sysdate, sysdate, '23_11_10',1100000,  10, 'xuaner', 'qianerzuxuan', 'zuxuanfushi', '选二', '前二组选', '复式');
insert into GAME_BETTYPE_STATUS (ID, LOTTERYID, GAME_GROUP_CODE, GAME_SET_CODE, BET_METHOD_CODE, STATUS, CREATE_TIME, UPDATE_TIME, BET_TYPE_CODE, THEORY_BONUS, ORDERBY, GROUP_CODE_NAME, SET_CODE_NAME, METHOD_CODE_NAME, GROUP_CODE_TITLE, SET_CODE_TITLE, METHOD_CODE_TITLE)
values (seq_GAME_BETTYPE_STATUS.Nextval, 99306, 23, 10, 10, 1, sysdate, sysdate, '23_10_10',2200000,  10, 'xuaner', 'qianerzhixuan', 'zhixuanfushi', '选二', '前二直选', '复式');
insert into GAME_BETTYPE_STATUS (ID, LOTTERYID, GAME_GROUP_CODE, GAME_SET_CODE, BET_METHOD_CODE, STATUS, CREATE_TIME, UPDATE_TIME, BET_TYPE_CODE, THEORY_BONUS, ORDERBY, GROUP_CODE_NAME, SET_CODE_NAME, METHOD_CODE_NAME, GROUP_CODE_TITLE, SET_CODE_TITLE, METHOD_CODE_TITLE)
values (seq_GAME_BETTYPE_STATUS.Nextval, 99306, 23, 10, 11, 1, sysdate, sysdate, '23_10_11',2200000,  10, 'xuaner', 'qianerzhixuan', 'zhixuandanshi', '选二', '前二直选', '单式');
insert into GAME_BETTYPE_STATUS (ID, LOTTERYID, GAME_GROUP_CODE, GAME_SET_CODE, BET_METHOD_CODE, STATUS, CREATE_TIME, UPDATE_TIME, BET_TYPE_CODE, THEORY_BONUS, ORDERBY, GROUP_CODE_NAME, SET_CODE_NAME, METHOD_CODE_NAME, GROUP_CODE_TITLE, SET_CODE_TITLE, METHOD_CODE_TITLE)
values (seq_GAME_BETTYPE_STATUS.Nextval, 99306, 23, 11, 11, 1, sysdate, sysdate, '23_11_11',1100000,  10, 'xuaner', 'qianerzuxuan', 'zuxuandanshi', '选二', '前二组选', '单式');
insert into GAME_BETTYPE_STATUS (ID, LOTTERYID, GAME_GROUP_CODE, GAME_SET_CODE, BET_METHOD_CODE, STATUS, CREATE_TIME, UPDATE_TIME, BET_TYPE_CODE, THEORY_BONUS, ORDERBY, GROUP_CODE_NAME, SET_CODE_NAME, METHOD_CODE_NAME, GROUP_CODE_TITLE, SET_CODE_TITLE, METHOD_CODE_TITLE)
values (seq_GAME_BETTYPE_STATUS.Nextval, 99306, 23, 21, 11, 1, sysdate, sysdate, '23_21_11',110000,  10, 'xuaner', 'renxuanerzhonger', 'renxuandanshi', '选二', '任选二中二', '单式');
insert into GAME_BETTYPE_STATUS (ID, LOTTERYID, GAME_GROUP_CODE, GAME_SET_CODE, BET_METHOD_CODE, STATUS, CREATE_TIME, UPDATE_TIME, BET_TYPE_CODE, THEORY_BONUS, ORDERBY, GROUP_CODE_NAME, SET_CODE_NAME, METHOD_CODE_NAME, GROUP_CODE_TITLE, SET_CODE_TITLE, METHOD_CODE_TITLE)
values (seq_GAME_BETTYPE_STATUS.Nextval, 99306, 24, 10, 10, 1, sysdate, sysdate, '24_10_10',19800000,  10, 'xuansan', 'qiansanzhixuan', 'zhixuanfushi', '选三', '前三直选', '复式');
insert into GAME_BETTYPE_STATUS (ID, LOTTERYID, GAME_GROUP_CODE, GAME_SET_CODE, BET_METHOD_CODE, STATUS, CREATE_TIME, UPDATE_TIME, BET_TYPE_CODE, THEORY_BONUS, ORDERBY, GROUP_CODE_NAME, SET_CODE_NAME, METHOD_CODE_NAME, GROUP_CODE_TITLE, SET_CODE_TITLE, METHOD_CODE_TITLE)
values (seq_GAME_BETTYPE_STATUS.Nextval, 99306, 24, 22, 12, 1, sysdate, sysdate, '24_22_12',330000,  10, 'xuansan', 'renxuansanzhongsan', 'renxuandantuo', '选三', '任选三中三', '胆拖');
insert into GAME_BETTYPE_STATUS (ID, LOTTERYID, GAME_GROUP_CODE, GAME_SET_CODE, BET_METHOD_CODE, STATUS, CREATE_TIME, UPDATE_TIME, BET_TYPE_CODE, THEORY_BONUS, ORDERBY, GROUP_CODE_NAME, SET_CODE_NAME, METHOD_CODE_NAME, GROUP_CODE_TITLE, SET_CODE_TITLE, METHOD_CODE_TITLE)
values (seq_GAME_BETTYPE_STATUS.Nextval, 99306, 24, 11, 12, 1, sysdate, sysdate, '24_11_12',3300000,  10, 'xuansan', 'qiansanzuxuan', 'zuxuandantuo', '选三', '前三组选', '胆拖');
insert into GAME_BETTYPE_STATUS (ID, LOTTERYID, GAME_GROUP_CODE, GAME_SET_CODE, BET_METHOD_CODE, STATUS, CREATE_TIME, UPDATE_TIME, BET_TYPE_CODE, THEORY_BONUS, ORDERBY, GROUP_CODE_NAME, SET_CODE_NAME, METHOD_CODE_NAME, GROUP_CODE_TITLE, SET_CODE_TITLE, METHOD_CODE_TITLE)
values (seq_GAME_BETTYPE_STATUS.Nextval, 99306, 24, 11, 11, 1, sysdate, sysdate, '24_11_11',3300000,  10, 'xuansan', 'qiansanzuxuan', 'zuxuandanshi', '选三', '前三组选', '单式');
insert into GAME_BETTYPE_STATUS (ID, LOTTERYID, GAME_GROUP_CODE, GAME_SET_CODE, BET_METHOD_CODE, STATUS, CREATE_TIME, UPDATE_TIME, BET_TYPE_CODE, THEORY_BONUS, ORDERBY, GROUP_CODE_NAME, SET_CODE_NAME, METHOD_CODE_NAME, GROUP_CODE_TITLE, SET_CODE_TITLE, METHOD_CODE_TITLE)
values (seq_GAME_BETTYPE_STATUS.Nextval, 99306, 24, 22, 10, 1, sysdate, sysdate, '24_22_10',330000,  10, 'xuansan', 'renxuansanzhongsan', 'renxuanfushi', '选三', '任选三中三', '复式');
insert into GAME_BETTYPE_STATUS (ID, LOTTERYID, GAME_GROUP_CODE, GAME_SET_CODE, BET_METHOD_CODE, STATUS, CREATE_TIME, UPDATE_TIME, BET_TYPE_CODE, THEORY_BONUS, ORDERBY, GROUP_CODE_NAME, SET_CODE_NAME, METHOD_CODE_NAME, GROUP_CODE_TITLE, SET_CODE_TITLE, METHOD_CODE_TITLE)
values (seq_GAME_BETTYPE_STATUS.Nextval, 99306, 24, 22, 11, 1, sysdate, sysdate, '24_22_11',330000,  10, 'xuansan', 'renxuansanzhongsan', 'renxuandanshi', '选三', '任选三中三', '单式');
insert into GAME_BETTYPE_STATUS (ID, LOTTERYID, GAME_GROUP_CODE, GAME_SET_CODE, BET_METHOD_CODE, STATUS, CREATE_TIME, UPDATE_TIME, BET_TYPE_CODE, THEORY_BONUS, ORDERBY, GROUP_CODE_NAME, SET_CODE_NAME, METHOD_CODE_NAME, GROUP_CODE_TITLE, SET_CODE_TITLE, METHOD_CODE_TITLE)
values (seq_GAME_BETTYPE_STATUS.Nextval, 99306, 24, 11, 10, 1, sysdate, sysdate, '24_11_10',3300000,  10, 'xuansan', 'qiansanzuxuan', 'zuxuanfushi', '选三', '前三组选', '复式');
insert into GAME_BETTYPE_STATUS (ID, LOTTERYID, GAME_GROUP_CODE, GAME_SET_CODE, BET_METHOD_CODE, STATUS, CREATE_TIME, UPDATE_TIME, BET_TYPE_CODE, THEORY_BONUS, ORDERBY, GROUP_CODE_NAME, SET_CODE_NAME, METHOD_CODE_NAME, GROUP_CODE_TITLE, SET_CODE_TITLE, METHOD_CODE_TITLE)
values (seq_GAME_BETTYPE_STATUS.Nextval, 99306, 24, 10, 11, 1, sysdate, sysdate, '24_10_11',19800000,  10, 'xuansan', 'qiansanzhixuan', 'zhixuandanshi', '选三', '前三直选', '单式');
insert into GAME_BETTYPE_STATUS (ID, LOTTERYID, GAME_GROUP_CODE, GAME_SET_CODE, BET_METHOD_CODE, STATUS, CREATE_TIME, UPDATE_TIME, BET_TYPE_CODE, THEORY_BONUS, ORDERBY, GROUP_CODE_NAME, SET_CODE_NAME, METHOD_CODE_NAME, GROUP_CODE_TITLE, SET_CODE_TITLE, METHOD_CODE_TITLE)
values (seq_GAME_BETTYPE_STATUS.Nextval, 99306, 25, 23, 11, 1, sysdate, sysdate, '25_23_11',1320000,  10, 'xuansi', 'renxuansizhongsi', 'danshi', '选四', '任选四中四', '单式');
insert into GAME_BETTYPE_STATUS (ID, LOTTERYID, GAME_GROUP_CODE, GAME_SET_CODE, BET_METHOD_CODE, STATUS, CREATE_TIME, UPDATE_TIME, BET_TYPE_CODE, THEORY_BONUS, ORDERBY, GROUP_CODE_NAME, SET_CODE_NAME, METHOD_CODE_NAME, GROUP_CODE_TITLE, SET_CODE_TITLE, METHOD_CODE_TITLE)
values (seq_GAME_BETTYPE_STATUS.Nextval, 99306, 25, 23, 10, 1, sysdate, sysdate, '25_23_10',1320000,  10, 'xuansi', 'renxuansizhongsi', 'fushi', '选四', '任选四中四', '复式');
insert into GAME_BETTYPE_STATUS (ID, LOTTERYID, GAME_GROUP_CODE, GAME_SET_CODE, BET_METHOD_CODE, STATUS, CREATE_TIME, UPDATE_TIME, BET_TYPE_CODE, THEORY_BONUS, ORDERBY, GROUP_CODE_NAME, SET_CODE_NAME, METHOD_CODE_NAME, GROUP_CODE_TITLE, SET_CODE_TITLE, METHOD_CODE_TITLE)
values (seq_GAME_BETTYPE_STATUS.Nextval, 99306, 25, 23, 12, 1, sysdate, sysdate, '25_23_12',1320000,  10, 'xuansi', 'renxuansizhongsi', 'dantuo', '选四', '任选四中四', '胆拖');
insert into GAME_BETTYPE_STATUS (ID, LOTTERYID, GAME_GROUP_CODE, GAME_SET_CODE, BET_METHOD_CODE, STATUS, CREATE_TIME, UPDATE_TIME, BET_TYPE_CODE, THEORY_BONUS, ORDERBY, GROUP_CODE_NAME, SET_CODE_NAME, METHOD_CODE_NAME, GROUP_CODE_TITLE, SET_CODE_TITLE, METHOD_CODE_TITLE)
values (seq_GAME_BETTYPE_STATUS.Nextval, 99306, 26, 24, 12, 1, sysdate, sysdate, '26_24_12',9240000,  10, 'xuanwu', 'renxuanwuzhongwu', 'dantuo', '选五', '任选五中五', '胆拖');
insert into GAME_BETTYPE_STATUS (ID, LOTTERYID, GAME_GROUP_CODE, GAME_SET_CODE, BET_METHOD_CODE, STATUS, CREATE_TIME, UPDATE_TIME, BET_TYPE_CODE, THEORY_BONUS, ORDERBY, GROUP_CODE_NAME, SET_CODE_NAME, METHOD_CODE_NAME, GROUP_CODE_TITLE, SET_CODE_TITLE, METHOD_CODE_TITLE)
values (seq_GAME_BETTYPE_STATUS.Nextval, 99306, 26, 24, 10, 1, sysdate, sysdate, '26_24_10',9240000,  10, 'xuanwu', 'renxuanwuzhongwu', 'fushi', '选五', '任选五中五', '复式');
insert into GAME_BETTYPE_STATUS (ID, LOTTERYID, GAME_GROUP_CODE, GAME_SET_CODE, BET_METHOD_CODE, STATUS, CREATE_TIME, UPDATE_TIME, BET_TYPE_CODE, THEORY_BONUS, ORDERBY, GROUP_CODE_NAME, SET_CODE_NAME, METHOD_CODE_NAME, GROUP_CODE_TITLE, SET_CODE_TITLE, METHOD_CODE_TITLE)
values (seq_GAME_BETTYPE_STATUS.Nextval, 99306, 26, 24, 11, 1, sysdate, sysdate, '26_24_11',9240000,  10, 'xuanwu', 'renxuanwuzhongwu', 'danshi', '选五', '任选五中五', '单式');
insert into GAME_BETTYPE_STATUS (ID, LOTTERYID, GAME_GROUP_CODE, GAME_SET_CODE, BET_METHOD_CODE, STATUS, CREATE_TIME, UPDATE_TIME, BET_TYPE_CODE, THEORY_BONUS, ORDERBY, GROUP_CODE_NAME, SET_CODE_NAME, METHOD_CODE_NAME, GROUP_CODE_TITLE, SET_CODE_TITLE, METHOD_CODE_TITLE)
values (seq_GAME_BETTYPE_STATUS.Nextval, 99306, 27, 25, 11, 1, sysdate, sysdate, '27_25_11',1540000,  10, 'xuanliu', 'renxuanliuzhongwu', 'danshi', '选六', '任选六中五', '单式');
insert into GAME_BETTYPE_STATUS (ID, LOTTERYID, GAME_GROUP_CODE, GAME_SET_CODE, BET_METHOD_CODE, STATUS, CREATE_TIME, UPDATE_TIME, BET_TYPE_CODE, THEORY_BONUS, ORDERBY, GROUP_CODE_NAME, SET_CODE_NAME, METHOD_CODE_NAME, GROUP_CODE_TITLE, SET_CODE_TITLE, METHOD_CODE_TITLE)
values (seq_GAME_BETTYPE_STATUS.Nextval, 99306, 27, 25, 12, 1, sysdate, sysdate, '27_25_12',1540000,  10, 'xuanliu', 'renxuanliuzhongwu', 'dantuo', '选六', '任选六中五', '胆拖');
insert into GAME_BETTYPE_STATUS (ID, LOTTERYID, GAME_GROUP_CODE, GAME_SET_CODE, BET_METHOD_CODE, STATUS, CREATE_TIME, UPDATE_TIME, BET_TYPE_CODE, THEORY_BONUS, ORDERBY, GROUP_CODE_NAME, SET_CODE_NAME, METHOD_CODE_NAME, GROUP_CODE_TITLE, SET_CODE_TITLE, METHOD_CODE_TITLE)
values (seq_GAME_BETTYPE_STATUS.Nextval, 99306, 27, 25, 10, 1, sysdate, sysdate, '27_25_10',1540000,  10, 'xuanliu', 'renxuanliuzhongwu', 'fushi', '选六', '任选六中五', '复式');
insert into GAME_BETTYPE_STATUS (ID, LOTTERYID, GAME_GROUP_CODE, GAME_SET_CODE, BET_METHOD_CODE, STATUS, CREATE_TIME, UPDATE_TIME, BET_TYPE_CODE, THEORY_BONUS, ORDERBY, GROUP_CODE_NAME, SET_CODE_NAME, METHOD_CODE_NAME, GROUP_CODE_TITLE, SET_CODE_TITLE, METHOD_CODE_TITLE)
values (seq_GAME_BETTYPE_STATUS.Nextval, 99306, 28, 26, 12, 1, sysdate, sysdate, '28_26_12',440000,  10, 'xuanqi', 'renxuanqizhongwu', 'dantuo', '选七', '任选七中五', '胆拖');
insert into GAME_BETTYPE_STATUS (ID, LOTTERYID, GAME_GROUP_CODE, GAME_SET_CODE, BET_METHOD_CODE, STATUS, CREATE_TIME, UPDATE_TIME, BET_TYPE_CODE, THEORY_BONUS, ORDERBY, GROUP_CODE_NAME, SET_CODE_NAME, METHOD_CODE_NAME, GROUP_CODE_TITLE, SET_CODE_TITLE, METHOD_CODE_TITLE)
values (seq_GAME_BETTYPE_STATUS.Nextval, 99306, 28, 26, 10, 1, sysdate, sysdate, '28_26_10',440000,  10, 'xuanqi', 'renxuanqizhongwu', 'fushi', '选七', '任选七中五', '复式');
insert into GAME_BETTYPE_STATUS (ID, LOTTERYID, GAME_GROUP_CODE, GAME_SET_CODE, BET_METHOD_CODE, STATUS, CREATE_TIME, UPDATE_TIME, BET_TYPE_CODE, THEORY_BONUS, ORDERBY, GROUP_CODE_NAME, SET_CODE_NAME, METHOD_CODE_NAME, GROUP_CODE_TITLE, SET_CODE_TITLE, METHOD_CODE_TITLE)
values (seq_GAME_BETTYPE_STATUS.Nextval, 99306, 28, 26, 11, 1, sysdate, sysdate, '28_26_11',440000,  10, 'xuanqi', 'renxuanqizhongwu', 'danshi', '选七', '任选七中五', '单式');
insert into GAME_BETTYPE_STATUS (ID, LOTTERYID, GAME_GROUP_CODE, GAME_SET_CODE, BET_METHOD_CODE, STATUS, CREATE_TIME, UPDATE_TIME, BET_TYPE_CODE, THEORY_BONUS, ORDERBY, GROUP_CODE_NAME, SET_CODE_NAME, METHOD_CODE_NAME, GROUP_CODE_TITLE, SET_CODE_TITLE, METHOD_CODE_TITLE)
values (seq_GAME_BETTYPE_STATUS.Nextval, 99306, 29, 27, 11, 1, sysdate, sysdate, '29_27_11',165000,  10, 'xuanba', 'renxuanbazhongwu', 'danshi', '选八', '任选八中五', '单式');
insert into GAME_BETTYPE_STATUS (ID, LOTTERYID, GAME_GROUP_CODE, GAME_SET_CODE, BET_METHOD_CODE, STATUS, CREATE_TIME, UPDATE_TIME, BET_TYPE_CODE, THEORY_BONUS, ORDERBY, GROUP_CODE_NAME, SET_CODE_NAME, METHOD_CODE_NAME, GROUP_CODE_TITLE, SET_CODE_TITLE, METHOD_CODE_TITLE)
values (seq_GAME_BETTYPE_STATUS.Nextval, 99306, 29, 27, 12, 1, sysdate, sysdate, '29_27_12',165000,  10, 'xuanba', 'renxuanbazhongwu', 'dantuo', '选八', '任选八中五', '胆拖');
insert into GAME_BETTYPE_STATUS (ID, LOTTERYID, GAME_GROUP_CODE, GAME_SET_CODE, BET_METHOD_CODE, STATUS, CREATE_TIME, UPDATE_TIME, BET_TYPE_CODE, THEORY_BONUS, ORDERBY, GROUP_CODE_NAME, SET_CODE_NAME, METHOD_CODE_NAME, GROUP_CODE_TITLE, SET_CODE_TITLE, METHOD_CODE_TITLE)
values (seq_GAME_BETTYPE_STATUS.Nextval, 99306, 29, 27, 10, 1, sysdate, sysdate, '29_27_10',165000,  10, 'xuanba', 'renxuanbazhongwu', 'fushi', '选八', '任选八中五', '复式');

-- 辅助表--BETTYPEID,THEORY_BONUS，METHOD_TYPE
insert into GAME_BETTYPE_ASSIST (ID, BETTYPEID, CREATE_TIME, UPDATE_TIME, THEORY_BONUS, METHOD_TYPE)
values (SEQ_GAME_BETTYPE_ASSIST.NEXTVAL, (SELECT T.ID FROM GAME_BETTYPE_STATUS T WHERE T.BET_TYPE_CODE='18_13_65' AND T.LOTTERYID=99306),   SYSDATE,   SYSDATE, 9240000, 10);
insert into GAME_BETTYPE_ASSIST (ID, BETTYPEID, CREATE_TIME, UPDATE_TIME, THEORY_BONUS, METHOD_TYPE)
values (SEQ_GAME_BETTYPE_ASSIST.NEXTVAL, (SELECT T.ID FROM GAME_BETTYPE_STATUS T WHERE T.BET_TYPE_CODE='18_13_65' AND T.LOTTERYID=99306),   SYSDATE,   SYSDATE, 1540000, 11);
insert into GAME_BETTYPE_ASSIST (ID, BETTYPEID, CREATE_TIME, UPDATE_TIME, THEORY_BONUS, METHOD_TYPE)
values (SEQ_GAME_BETTYPE_ASSIST.NEXTVAL, (SELECT T.ID FROM GAME_BETTYPE_STATUS T WHERE T.BET_TYPE_CODE='18_13_65' AND T.LOTTERYID=99306),   SYSDATE,   SYSDATE, 308000, 12);
insert into GAME_BETTYPE_ASSIST (ID, BETTYPEID, CREATE_TIME, UPDATE_TIME, THEORY_BONUS, METHOD_TYPE)
values (SEQ_GAME_BETTYPE_ASSIST.NEXTVAL, (SELECT T.ID FROM GAME_BETTYPE_STATUS T WHERE T.BET_TYPE_CODE='18_13_65' AND T.LOTTERYID=99306),   SYSDATE,   SYSDATE, 123200, 13);
insert into GAME_BETTYPE_ASSIST (ID, BETTYPEID, CREATE_TIME, UPDATE_TIME, THEORY_BONUS, METHOD_TYPE)
values (SEQ_GAME_BETTYPE_ASSIST.NEXTVAL, (SELECT T.ID FROM GAME_BETTYPE_STATUS T WHERE T.BET_TYPE_CODE='18_13_65' AND T.LOTTERYID=99306),   SYSDATE,   SYSDATE, 61600, 14);
insert into GAME_BETTYPE_ASSIST (ID, BETTYPEID, CREATE_TIME, UPDATE_TIME, THEORY_BONUS, METHOD_TYPE)
values (SEQ_GAME_BETTYPE_ASSIST.NEXTVAL, (SELECT T.ID FROM GAME_BETTYPE_STATUS T WHERE T.BET_TYPE_CODE='18_13_65' AND T.LOTTERYID=99306),   SYSDATE,   SYSDATE, 46200, 15);
insert into GAME_BETTYPE_ASSIST (ID, BETTYPEID, CREATE_TIME, UPDATE_TIME, THEORY_BONUS, METHOD_TYPE)
values (SEQ_GAME_BETTYPE_ASSIST.NEXTVAL, (SELECT T.ID FROM GAME_BETTYPE_STATUS T WHERE T.BET_TYPE_CODE='18_13_66' AND T.LOTTERYID=99306),   SYSDATE,   SYSDATE, 330000, 16);
insert into GAME_BETTYPE_ASSIST (ID, BETTYPEID, CREATE_TIME, UPDATE_TIME, THEORY_BONUS, METHOD_TYPE)
values (SEQ_GAME_BETTYPE_ASSIST.NEXTVAL, (SELECT T.ID FROM GAME_BETTYPE_STATUS T WHERE T.BET_TYPE_CODE='18_13_66' AND T.LOTTERYID=99306),   SYSDATE,   SYSDATE, 146700, 17);
insert into GAME_BETTYPE_ASSIST (ID, BETTYPEID, CREATE_TIME, UPDATE_TIME, THEORY_BONUS, METHOD_TYPE)
values (SEQ_GAME_BETTYPE_ASSIST.NEXTVAL, (SELECT T.ID FROM GAME_BETTYPE_STATUS T WHERE T.BET_TYPE_CODE='18_13_66' AND T.LOTTERYID=99306),   SYSDATE,   SYSDATE, 102700, 18);
insert into GAME_BETTYPE_ASSIST (ID, BETTYPEID, CREATE_TIME, UPDATE_TIME, THEORY_BONUS, METHOD_TYPE)
values (SEQ_GAME_BETTYPE_ASSIST.NEXTVAL, (SELECT T.ID FROM GAME_BETTYPE_STATUS T WHERE T.BET_TYPE_CODE='18_13_66' AND T.LOTTERYID=99306),   SYSDATE,   SYSDATE, 92400, 19);


 --insert game_award_group  
insert into GAME_AWARD_GROUP (ID, LOTTERYID, AWARD_NAME, DIRECT_RET, THREEONE_RET, STATUS, SYS_AWARD_GROUP, CREATE_TIME, UPDATE_TIME)
values (191, 99306, '奖金组1620', 500, 500, 1, 1, sysdate, sysdate);
insert into GAME_AWARD_GROUP (ID, LOTTERYID, AWARD_NAME, DIRECT_RET, THREEONE_RET, STATUS, SYS_AWARD_GROUP, CREATE_TIME, UPDATE_TIME)
values (192, 99306, '奖金组1782', 500, 500, 1, 1, sysdate, sysdate);
 
--insert GameAward 
insert into GAME_AWARD (ID, LOTTERYID, BET_TYPE_CODE, ACTUAL_BONUS, AWARD_GROUP_ID, CREATE_TIME, UPDATE_TIME, STATUS, RET_VALUE)
values (Seq_Game_Award.Nextval, 99306, '22_20_10', 36000, 191, sysdate, sysdate, 1, 500);
insert into GAME_AWARD (ID, LOTTERYID, BET_TYPE_CODE, ACTUAL_BONUS, AWARD_GROUP_ID, CREATE_TIME, UPDATE_TIME, STATUS, RET_VALUE)
values (Seq_Game_Award.Nextval, 99306, '22_20_11', 36000, 191, sysdate, sysdate, 1, 500);
insert into GAME_AWARD (ID, LOTTERYID, BET_TYPE_CODE, ACTUAL_BONUS, AWARD_GROUP_ID, CREATE_TIME, UPDATE_TIME, STATUS, RET_VALUE)
values (Seq_Game_Award.Nextval, 99306, '22_14_10', 180000, 191, sysdate, sysdate, 1, 500);
insert into GAME_AWARD (ID, LOTTERYID, BET_TYPE_CODE, ACTUAL_BONUS, AWARD_GROUP_ID, CREATE_TIME, UPDATE_TIME, STATUS, RET_VALUE)
values (Seq_Game_Award.Nextval, 99306, '22_12_10', 60000, 191, sysdate, sysdate, 1, 500);
insert into GAME_AWARD (ID, LOTTERYID, BET_TYPE_CODE, ACTUAL_BONUS, AWARD_GROUP_ID, CREATE_TIME, UPDATE_TIME, STATUS, RET_VALUE)
values (Seq_Game_Award.Nextval, 99306, '23_21_10', 90000, 191, sysdate, sysdate, 1, 500);
insert into GAME_AWARD (ID, LOTTERYID, BET_TYPE_CODE, ACTUAL_BONUS, AWARD_GROUP_ID, CREATE_TIME, UPDATE_TIME, STATUS, RET_VALUE)
values (Seq_Game_Award.Nextval, 99306, '23_21_11', 90000, 191, sysdate, sysdate, 1, 50);
insert into GAME_AWARD (ID, LOTTERYID, BET_TYPE_CODE, ACTUAL_BONUS, AWARD_GROUP_ID, CREATE_TIME, UPDATE_TIME, STATUS, RET_VALUE)
values (Seq_Game_Award.Nextval, 99306, '23_21_12', 90000, 191, sysdate, sysdate, 1, 500);
insert into GAME_AWARD (ID, LOTTERYID, BET_TYPE_CODE, ACTUAL_BONUS, AWARD_GROUP_ID, CREATE_TIME, UPDATE_TIME, STATUS, RET_VALUE)
values (Seq_Game_Award.Nextval, 99306, '23_10_10', 1800000, 191, sysdate, sysdate, 1, 500);
insert into GAME_AWARD (ID, LOTTERYID, BET_TYPE_CODE, ACTUAL_BONUS, AWARD_GROUP_ID, CREATE_TIME, UPDATE_TIME, STATUS, RET_VALUE)
values (Seq_Game_Award.Nextval, 99306, '23_10_11', 1800000, 191, sysdate, sysdate, 1, 500);
insert into GAME_AWARD (ID, LOTTERYID, BET_TYPE_CODE, ACTUAL_BONUS, AWARD_GROUP_ID, CREATE_TIME, UPDATE_TIME, STATUS, RET_VALUE)
values (Seq_Game_Award.Nextval, 99306, '23_11_10', 900000, 191, sysdate, sysdate, 1, 500);
insert into GAME_AWARD (ID, LOTTERYID, BET_TYPE_CODE, ACTUAL_BONUS, AWARD_GROUP_ID, CREATE_TIME, UPDATE_TIME, STATUS, RET_VALUE)
values (Seq_Game_Award.Nextval, 99306, '23_11_11', 900000, 191, sysdate, sysdate, 1, 500);
insert into GAME_AWARD (ID, LOTTERYID, BET_TYPE_CODE, ACTUAL_BONUS, AWARD_GROUP_ID, CREATE_TIME, UPDATE_TIME, STATUS, RET_VALUE)
values (Seq_Game_Award.Nextval, 99306, '23_11_12', 900000, 191, sysdate, sysdate, 1, 500);
insert into GAME_AWARD (ID, LOTTERYID, BET_TYPE_CODE, ACTUAL_BONUS, AWARD_GROUP_ID, CREATE_TIME, UPDATE_TIME, STATUS, RET_VALUE)
values (Seq_Game_Award.Nextval, 99306, '24_22_10', 270000, 191, sysdate, sysdate, 1, 500);
insert into GAME_AWARD (ID, LOTTERYID, BET_TYPE_CODE, ACTUAL_BONUS, AWARD_GROUP_ID, CREATE_TIME, UPDATE_TIME, STATUS, RET_VALUE)
values (Seq_Game_Award.Nextval, 99306, '24_22_11', 270000, 191, sysdate, sysdate, 1, 500);
insert into GAME_AWARD (ID, LOTTERYID, BET_TYPE_CODE, ACTUAL_BONUS, AWARD_GROUP_ID, CREATE_TIME, UPDATE_TIME, STATUS, RET_VALUE)
values (Seq_Game_Award.Nextval, 99306, '24_22_12', 270000, 191, sysdate, sysdate, 1, 500);
insert into GAME_AWARD (ID, LOTTERYID, BET_TYPE_CODE, ACTUAL_BONUS, AWARD_GROUP_ID, CREATE_TIME, UPDATE_TIME, STATUS, RET_VALUE)
values (Seq_Game_Award.Nextval, 99306, '24_10_10', 16200000, 191, sysdate, sysdate, 1, 500);
insert into GAME_AWARD (ID, LOTTERYID, BET_TYPE_CODE, ACTUAL_BONUS, AWARD_GROUP_ID, CREATE_TIME, UPDATE_TIME, STATUS, RET_VALUE)
values (Seq_Game_Award.Nextval, 99306, '24_10_11', 16200000, 191, sysdate, sysdate, 1, 500);
insert into GAME_AWARD (ID, LOTTERYID, BET_TYPE_CODE, ACTUAL_BONUS, AWARD_GROUP_ID, CREATE_TIME, UPDATE_TIME, STATUS, RET_VALUE)
values (Seq_Game_Award.Nextval, 99306, '24_11_10', 2700000, 191, sysdate, sysdate, 1, 500);
insert into GAME_AWARD (ID, LOTTERYID, BET_TYPE_CODE, ACTUAL_BONUS, AWARD_GROUP_ID, CREATE_TIME, UPDATE_TIME, STATUS, RET_VALUE)
values (Seq_Game_Award.Nextval, 99306, '24_11_11', 2700000, 191, sysdate, sysdate, 1, 500);
insert into GAME_AWARD (ID, LOTTERYID, BET_TYPE_CODE, ACTUAL_BONUS, AWARD_GROUP_ID, CREATE_TIME, UPDATE_TIME, STATUS, RET_VALUE)
values (Seq_Game_Award.Nextval, 99306, '24_11_12', 2700000, 191, sysdate, sysdate, 1, 500);
insert into GAME_AWARD (ID, LOTTERYID, BET_TYPE_CODE, ACTUAL_BONUS, AWARD_GROUP_ID, CREATE_TIME, UPDATE_TIME, STATUS, RET_VALUE)
values (Seq_Game_Award.Nextval, 99306, '25_23_10', 1080000, 191, sysdate, sysdate, 1, 500);
insert into GAME_AWARD (ID, LOTTERYID, BET_TYPE_CODE, ACTUAL_BONUS, AWARD_GROUP_ID, CREATE_TIME, UPDATE_TIME, STATUS, RET_VALUE)
values (Seq_Game_Award.Nextval, 99306, '25_23_11', 1080000, 191, sysdate, sysdate, 1, 500);
insert into GAME_AWARD (ID, LOTTERYID, BET_TYPE_CODE, ACTUAL_BONUS, AWARD_GROUP_ID, CREATE_TIME, UPDATE_TIME, STATUS, RET_VALUE)
values (Seq_Game_Award.Nextval, 99306, '25_23_12', 1080000, 191, sysdate, sysdate, 1, 500);
insert into GAME_AWARD (ID, LOTTERYID, BET_TYPE_CODE, ACTUAL_BONUS, AWARD_GROUP_ID, CREATE_TIME, UPDATE_TIME, STATUS, RET_VALUE)
values (Seq_Game_Award.Nextval, 99306, '26_24_10', 7500000, 191, sysdate, sysdate, 1, 500);
insert into GAME_AWARD (ID, LOTTERYID, BET_TYPE_CODE, ACTUAL_BONUS, AWARD_GROUP_ID, CREATE_TIME, UPDATE_TIME, STATUS, RET_VALUE)
values (Seq_Game_Award.Nextval, 99306, '26_24_11', 7500000, 191, sysdate, sysdate, 1, 500);
insert into GAME_AWARD (ID, LOTTERYID, BET_TYPE_CODE, ACTUAL_BONUS, AWARD_GROUP_ID, CREATE_TIME, UPDATE_TIME, STATUS, RET_VALUE)
values (Seq_Game_Award.Nextval, 99306, '26_24_12', 7500000, 191, sysdate, sysdate, 1, 500);
insert into GAME_AWARD (ID, LOTTERYID, BET_TYPE_CODE, ACTUAL_BONUS, AWARD_GROUP_ID, CREATE_TIME, UPDATE_TIME, STATUS, RET_VALUE)
values (Seq_Game_Award.Nextval, 99306, '27_25_10', 1250000, 191, sysdate, sysdate, 1, 500);
insert into GAME_AWARD (ID, LOTTERYID, BET_TYPE_CODE, ACTUAL_BONUS, AWARD_GROUP_ID, CREATE_TIME, UPDATE_TIME, STATUS, RET_VALUE)
values (Seq_Game_Award.Nextval, 99306, '27_25_11', 1250000, 191, sysdate, sysdate, 1, 500);
insert into GAME_AWARD (ID, LOTTERYID, BET_TYPE_CODE, ACTUAL_BONUS, AWARD_GROUP_ID, CREATE_TIME, UPDATE_TIME, STATUS, RET_VALUE)
values (Seq_Game_Award.Nextval, 99306, '27_25_12', 1250000, 191, sysdate, sysdate, 1, 500);
insert into GAME_AWARD (ID, LOTTERYID, BET_TYPE_CODE, ACTUAL_BONUS, AWARD_GROUP_ID, CREATE_TIME, UPDATE_TIME, STATUS, RET_VALUE)
values (Seq_Game_Award.Nextval, 99306, '28_26_10', 360000, 191, sysdate, sysdate, 1, 500);
insert into GAME_AWARD (ID, LOTTERYID, BET_TYPE_CODE, ACTUAL_BONUS, AWARD_GROUP_ID, CREATE_TIME, UPDATE_TIME, STATUS, RET_VALUE)
values (Seq_Game_Award.Nextval, 99306, '28_26_11', 360000, 191, sysdate, sysdate, 1, 500);
insert into GAME_AWARD (ID, LOTTERYID, BET_TYPE_CODE, ACTUAL_BONUS, AWARD_GROUP_ID, CREATE_TIME, UPDATE_TIME, STATUS, RET_VALUE)
values (Seq_Game_Award.Nextval, 99306, '28_26_12', 360000, 191, sysdate, sysdate, 1, 500);
insert into GAME_AWARD (ID, LOTTERYID, BET_TYPE_CODE, ACTUAL_BONUS, AWARD_GROUP_ID, CREATE_TIME, UPDATE_TIME, STATUS, RET_VALUE)
values (Seq_Game_Award.Nextval, 99306, '29_27_10', 135000, 191, sysdate, sysdate, 1, 500);
insert into GAME_AWARD (ID, LOTTERYID, BET_TYPE_CODE, ACTUAL_BONUS, AWARD_GROUP_ID, CREATE_TIME, UPDATE_TIME, STATUS, RET_VALUE)
values (Seq_Game_Award.Nextval, 99306, '29_27_11', 135000, 191, sysdate, sysdate, 1, 500);
insert into GAME_AWARD (ID, LOTTERYID, BET_TYPE_CODE, ACTUAL_BONUS, AWARD_GROUP_ID, CREATE_TIME, UPDATE_TIME, STATUS, RET_VALUE)
values (Seq_Game_Award.Nextval, 99306, '29_27_12', 135000, 191, sysdate, sysdate, 1, 500);
insert into GAME_AWARD (ID, LOTTERYID, BET_TYPE_CODE, ACTUAL_BONUS, AWARD_GROUP_ID, CREATE_TIME, UPDATE_TIME, STATUS, RET_VALUE)
values (Seq_Game_Award.Nextval, 99306, '22_20_10', 39000, 192, sysdate, sysdate, 1, 500);
insert into GAME_AWARD (ID, LOTTERYID, BET_TYPE_CODE, ACTUAL_BONUS, AWARD_GROUP_ID, CREATE_TIME, UPDATE_TIME, STATUS, RET_VALUE)
values (Seq_Game_Award.Nextval, 99306, '22_20_11', 39000, 192, sysdate, sysdate, 1, 500);
insert into GAME_AWARD (ID, LOTTERYID, BET_TYPE_CODE, ACTUAL_BONUS, AWARD_GROUP_ID, CREATE_TIME, UPDATE_TIME, STATUS, RET_VALUE)
values (Seq_Game_Award.Nextval, 99306, '22_14_10', 198000, 192, sysdate, sysdate, 1, 500);
insert into GAME_AWARD (ID, LOTTERYID, BET_TYPE_CODE, ACTUAL_BONUS, AWARD_GROUP_ID, CREATE_TIME, UPDATE_TIME, STATUS, RET_VALUE)
values (Seq_Game_Award.Nextval, 99306, '22_12_10', 66000, 192, sysdate, sysdate, 1, 500);
insert into GAME_AWARD (ID, LOTTERYID, BET_TYPE_CODE, ACTUAL_BONUS, AWARD_GROUP_ID, CREATE_TIME, UPDATE_TIME, STATUS, RET_VALUE)
values (Seq_Game_Award.Nextval, 99306, '23_21_10', 99000, 192, sysdate, sysdate, 1, 500);
insert into GAME_AWARD (ID, LOTTERYID, BET_TYPE_CODE, ACTUAL_BONUS, AWARD_GROUP_ID, CREATE_TIME, UPDATE_TIME, STATUS, RET_VALUE)
values (Seq_Game_Award.Nextval, 99306, '23_21_11', 99000, 192, sysdate, sysdate, 1, 500);
insert into GAME_AWARD (ID, LOTTERYID, BET_TYPE_CODE, ACTUAL_BONUS, AWARD_GROUP_ID, CREATE_TIME, UPDATE_TIME, STATUS, RET_VALUE)
values (Seq_Game_Award.Nextval, 99306, '23_21_12', 99000, 192, sysdate, sysdate, 1, 500);
insert into GAME_AWARD (ID, LOTTERYID, BET_TYPE_CODE, ACTUAL_BONUS, AWARD_GROUP_ID, CREATE_TIME, UPDATE_TIME, STATUS, RET_VALUE)
values (Seq_Game_Award.Nextval, 99306, '23_10_10', 1980000, 192, sysdate, sysdate, 1, 500);
insert into GAME_AWARD (ID, LOTTERYID, BET_TYPE_CODE, ACTUAL_BONUS, AWARD_GROUP_ID, CREATE_TIME, UPDATE_TIME, STATUS, RET_VALUE)
values (Seq_Game_Award.Nextval, 99306, '23_10_11', 1980000, 192, sysdate, sysdate, 1, 500);
insert into GAME_AWARD (ID, LOTTERYID, BET_TYPE_CODE, ACTUAL_BONUS, AWARD_GROUP_ID, CREATE_TIME, UPDATE_TIME, STATUS, RET_VALUE)
values (Seq_Game_Award.Nextval, 99306, '23_11_10', 990000, 192, sysdate, sysdate, 1, 500);
insert into GAME_AWARD (ID, LOTTERYID, BET_TYPE_CODE, ACTUAL_BONUS, AWARD_GROUP_ID, CREATE_TIME, UPDATE_TIME, STATUS, RET_VALUE)
values (Seq_Game_Award.Nextval, 99306, '23_11_11', 990000, 192, sysdate, sysdate, 1, 500);
insert into GAME_AWARD (ID, LOTTERYID, BET_TYPE_CODE, ACTUAL_BONUS, AWARD_GROUP_ID, CREATE_TIME, UPDATE_TIME, STATUS, RET_VALUE)
values (Seq_Game_Award.Nextval, 99306, '23_11_12', 990000, 192, sysdate, sysdate, 1, 500);
insert into GAME_AWARD (ID, LOTTERYID, BET_TYPE_CODE, ACTUAL_BONUS, AWARD_GROUP_ID, CREATE_TIME, UPDATE_TIME, STATUS, RET_VALUE)
values (Seq_Game_Award.Nextval, 99306, '24_22_10', 297000, 192, sysdate, sysdate, 1, 500);
insert into GAME_AWARD (ID, LOTTERYID, BET_TYPE_CODE, ACTUAL_BONUS, AWARD_GROUP_ID, CREATE_TIME, UPDATE_TIME, STATUS, RET_VALUE)
values (Seq_Game_Award.Nextval, 99306, '24_22_11', 297000, 192, sysdate, sysdate, 1, 500);
insert into GAME_AWARD (ID, LOTTERYID, BET_TYPE_CODE, ACTUAL_BONUS, AWARD_GROUP_ID, CREATE_TIME, UPDATE_TIME, STATUS, RET_VALUE)
values (Seq_Game_Award.Nextval, 99306, '24_22_12', 297000, 192, sysdate, sysdate, 1, 500);
insert into GAME_AWARD (ID, LOTTERYID, BET_TYPE_CODE, ACTUAL_BONUS, AWARD_GROUP_ID, CREATE_TIME, UPDATE_TIME, STATUS, RET_VALUE)
values (Seq_Game_Award.Nextval, 99306, '24_10_10', 17820000, 192, sysdate, sysdate, 1, 500);
insert into GAME_AWARD (ID, LOTTERYID, BET_TYPE_CODE, ACTUAL_BONUS, AWARD_GROUP_ID, CREATE_TIME, UPDATE_TIME, STATUS, RET_VALUE)
values (Seq_Game_Award.Nextval, 99306, '24_10_11', 17820000, 192, sysdate, sysdate, 1, 500);
insert into GAME_AWARD (ID, LOTTERYID, BET_TYPE_CODE, ACTUAL_BONUS, AWARD_GROUP_ID, CREATE_TIME, UPDATE_TIME, STATUS, RET_VALUE)
values (Seq_Game_Award.Nextval, 99306, '24_11_10', 2970000, 192, sysdate, sysdate, 1, 500);
insert into GAME_AWARD (ID, LOTTERYID, BET_TYPE_CODE, ACTUAL_BONUS, AWARD_GROUP_ID, CREATE_TIME, UPDATE_TIME, STATUS, RET_VALUE)
values (Seq_Game_Award.Nextval, 99306, '24_11_11', 2970000, 192, sysdate, sysdate, 1, 500);
insert into GAME_AWARD (ID, LOTTERYID, BET_TYPE_CODE, ACTUAL_BONUS, AWARD_GROUP_ID, CREATE_TIME, UPDATE_TIME, STATUS, RET_VALUE)
values (Seq_Game_Award.Nextval, 99306, '24_11_12', 2970000, 192, sysdate, sysdate, 1, 500);
insert into GAME_AWARD (ID, LOTTERYID, BET_TYPE_CODE, ACTUAL_BONUS, AWARD_GROUP_ID, CREATE_TIME, UPDATE_TIME, STATUS, RET_VALUE)
values (Seq_Game_Award.Nextval, 99306, '25_23_10', 1180000, 192, sysdate, sysdate, 1, 500);
insert into GAME_AWARD (ID, LOTTERYID, BET_TYPE_CODE, ACTUAL_BONUS, AWARD_GROUP_ID, CREATE_TIME, UPDATE_TIME, STATUS, RET_VALUE)
values (Seq_Game_Award.Nextval, 99306, '25_23_11', 1180000, 192, sysdate, sysdate, 1, 500);
insert into GAME_AWARD (ID, LOTTERYID, BET_TYPE_CODE, ACTUAL_BONUS, AWARD_GROUP_ID, CREATE_TIME, UPDATE_TIME, STATUS, RET_VALUE)
values (Seq_Game_Award.Nextval, 99306, '25_23_12', 1180000, 192, sysdate, sysdate, 1, 500);
insert into GAME_AWARD (ID, LOTTERYID, BET_TYPE_CODE, ACTUAL_BONUS, AWARD_GROUP_ID, CREATE_TIME, UPDATE_TIME, STATUS, RET_VALUE)
values (Seq_Game_Award.Nextval, 99306, '26_24_10', 8310000, 192, sysdate, sysdate, 1, 500);
insert into GAME_AWARD (ID, LOTTERYID, BET_TYPE_CODE, ACTUAL_BONUS, AWARD_GROUP_ID, CREATE_TIME, UPDATE_TIME, STATUS, RET_VALUE)
values (Seq_Game_Award.Nextval, 99306, '26_24_11', 8310000, 192, sysdate, sysdate, 1, 500);
insert into GAME_AWARD (ID, LOTTERYID, BET_TYPE_CODE, ACTUAL_BONUS, AWARD_GROUP_ID, CREATE_TIME, UPDATE_TIME, STATUS, RET_VALUE)
values (Seq_Game_Award.Nextval, 99306, '26_24_12', 8310000, 192, sysdate, sysdate, 1, 500);
insert into GAME_AWARD (ID, LOTTERYID, BET_TYPE_CODE, ACTUAL_BONUS, AWARD_GROUP_ID, CREATE_TIME, UPDATE_TIME, STATUS, RET_VALUE)
values (Seq_Game_Award.Nextval, 99306, '27_25_10', 1380000, 192, sysdate, sysdate, 1, 500);
insert into GAME_AWARD (ID, LOTTERYID, BET_TYPE_CODE, ACTUAL_BONUS, AWARD_GROUP_ID, CREATE_TIME, UPDATE_TIME, STATUS, RET_VALUE)
values (Seq_Game_Award.Nextval, 99306, '27_25_11', 1380000, 192, sysdate, sysdate, 1, 500);
insert into GAME_AWARD (ID, LOTTERYID, BET_TYPE_CODE, ACTUAL_BONUS, AWARD_GROUP_ID, CREATE_TIME, UPDATE_TIME, STATUS, RET_VALUE)
values (Seq_Game_Award.Nextval, 99306, '27_25_12', 1380000, 192, sysdate, sysdate, 1, 500);
insert into GAME_AWARD (ID, LOTTERYID, BET_TYPE_CODE, ACTUAL_BONUS, AWARD_GROUP_ID, CREATE_TIME, UPDATE_TIME, STATUS, RET_VALUE)
values (Seq_Game_Award.Nextval, 99306, '28_26_10', 396000, 192, sysdate, sysdate, 1, 500);
insert into GAME_AWARD (ID, LOTTERYID, BET_TYPE_CODE, ACTUAL_BONUS, AWARD_GROUP_ID, CREATE_TIME, UPDATE_TIME, STATUS, RET_VALUE)
values (Seq_Game_Award.Nextval, 99306, '28_26_11', 396000, 192, sysdate, sysdate, 1, 500);
insert into GAME_AWARD (ID, LOTTERYID, BET_TYPE_CODE, ACTUAL_BONUS, AWARD_GROUP_ID, CREATE_TIME, UPDATE_TIME, STATUS, RET_VALUE)
values (Seq_Game_Award.Nextval, 99306, '28_26_12', 396000, 192, sysdate, sysdate, 1, 500);
insert into GAME_AWARD (ID, LOTTERYID, BET_TYPE_CODE, ACTUAL_BONUS, AWARD_GROUP_ID, CREATE_TIME, UPDATE_TIME, STATUS, RET_VALUE)
values (Seq_Game_Award.Nextval, 99306, '29_27_10', 148000, 192, sysdate, sysdate, 1, 500);
insert into GAME_AWARD (ID, LOTTERYID, BET_TYPE_CODE, ACTUAL_BONUS, AWARD_GROUP_ID, CREATE_TIME, UPDATE_TIME, STATUS, RET_VALUE)
values (Seq_Game_Award.Nextval, 99306, '29_27_11', 148000, 192, sysdate, sysdate, 1, 500);
insert into GAME_AWARD (ID, LOTTERYID, BET_TYPE_CODE, ACTUAL_BONUS, AWARD_GROUP_ID, CREATE_TIME, UPDATE_TIME, STATUS, RET_VALUE)
values (Seq_Game_Award.Nextval, 99306, '29_27_12', 148000, 192, sysdate, sysdate, 1, 500);
insert into GAME_AWARD (ID, LOTTERYID, BET_TYPE_CODE, ACTUAL_BONUS, AWARD_GROUP_ID, CREATE_TIME, UPDATE_TIME, STATUS, RET_VALUE,BET_TYPE_CODE_PARENT)
values (Seq_Game_Award.Nextval, 99306, '18_13_65_10', 1250000, 191, sysdate, sysdate, 1, 500, '18_13_65');
insert into GAME_AWARD (ID, LOTTERYID, BET_TYPE_CODE, ACTUAL_BONUS, AWARD_GROUP_ID, CREATE_TIME, UPDATE_TIME, STATUS, RET_VALUE,BET_TYPE_CODE_PARENT)
values (Seq_Game_Award.Nextval, 99306, '18_13_65_11', 7500000, 191, sysdate, sysdate, 1, 500, '18_13_65');
insert into GAME_AWARD (ID, LOTTERYID, BET_TYPE_CODE, ACTUAL_BONUS, AWARD_GROUP_ID, CREATE_TIME, UPDATE_TIME, STATUS, RET_VALUE,BET_TYPE_CODE_PARENT)
values (Seq_Game_Award.Nextval, 99306, '18_13_65_12', 250000, 191, sysdate, sysdate, 1, 500, '18_13_65');
insert into GAME_AWARD (ID, LOTTERYID, BET_TYPE_CODE, ACTUAL_BONUS, AWARD_GROUP_ID, CREATE_TIME, UPDATE_TIME, STATUS, RET_VALUE,BET_TYPE_CODE_PARENT)
values (Seq_Game_Award.Nextval, 99306, '18_13_65_13', 100000, 191, sysdate, sysdate, 1, 500, '18_13_65');
insert into GAME_AWARD (ID, LOTTERYID, BET_TYPE_CODE, ACTUAL_BONUS, AWARD_GROUP_ID, CREATE_TIME, UPDATE_TIME, STATUS, RET_VALUE,BET_TYPE_CODE_PARENT)
values (Seq_Game_Award.Nextval, 99306, '18_13_65_14', 50000, 191, sysdate, sysdate, 1, 500, '18_13_65');
insert into GAME_AWARD (ID, LOTTERYID, BET_TYPE_CODE, ACTUAL_BONUS, AWARD_GROUP_ID, CREATE_TIME, UPDATE_TIME, STATUS, RET_VALUE,BET_TYPE_CODE_PARENT)
values (Seq_Game_Award.Nextval, 99306, '18_13_65_15', 37000, 191, sysdate, sysdate, 1, 500, '18_13_65');
insert into GAME_AWARD (ID, LOTTERYID, BET_TYPE_CODE, ACTUAL_BONUS, AWARD_GROUP_ID, CREATE_TIME, UPDATE_TIME, STATUS, RET_VALUE,BET_TYPE_CODE_PARENT)
values (Seq_Game_Award.Nextval, 99306, '18_13_66_16', 270000, 191, sysdate, sysdate, 1, 500, '18_13_66');
insert into GAME_AWARD (ID, LOTTERYID, BET_TYPE_CODE, ACTUAL_BONUS, AWARD_GROUP_ID, CREATE_TIME, UPDATE_TIME, STATUS, RET_VALUE,BET_TYPE_CODE_PARENT)
values (Seq_Game_Award.Nextval, 99306, '18_13_66_17', 120000, 191, sysdate, sysdate, 1, 500, '18_13_66');
insert into GAME_AWARD (ID, LOTTERYID, BET_TYPE_CODE, ACTUAL_BONUS, AWARD_GROUP_ID, CREATE_TIME, UPDATE_TIME, STATUS, RET_VALUE,BET_TYPE_CODE_PARENT)
values (Seq_Game_Award.Nextval, 99306, '18_13_66_19', 75000, 191, sysdate, sysdate, 1, 500, '18_13_66');
insert into GAME_AWARD (ID, LOTTERYID, BET_TYPE_CODE, ACTUAL_BONUS, AWARD_GROUP_ID, CREATE_TIME, UPDATE_TIME, STATUS, RET_VALUE,BET_TYPE_CODE_PARENT)
values (Seq_Game_Award.Nextval, 99306, '18_13_65_10', 1380000, 192, sysdate, sysdate, 1, 500, '18_13_65');
insert into GAME_AWARD (ID, LOTTERYID, BET_TYPE_CODE, ACTUAL_BONUS, AWARD_GROUP_ID, CREATE_TIME, UPDATE_TIME, STATUS, RET_VALUE,BET_TYPE_CODE_PARENT)
values (Seq_Game_Award.Nextval, 99306, '18_13_65_11', 8310000, 192, sysdate, sysdate, 1, 500, '18_13_65');
insert into GAME_AWARD (ID, LOTTERYID, BET_TYPE_CODE, ACTUAL_BONUS, AWARD_GROUP_ID, CREATE_TIME, UPDATE_TIME, STATUS, RET_VALUE,BET_TYPE_CODE_PARENT)
values (Seq_Game_Award.Nextval, 99306, '18_13_65_12', 277000, 192, sysdate, sysdate, 1, 500, '18_13_65');
insert into GAME_AWARD (ID, LOTTERYID, BET_TYPE_CODE, ACTUAL_BONUS, AWARD_GROUP_ID, CREATE_TIME, UPDATE_TIME, STATUS, RET_VALUE,BET_TYPE_CODE_PARENT)
values (Seq_Game_Award.Nextval, 99306, '18_13_65_13', 110000, 192, sysdate, sysdate, 1, 500, '18_13_65');
insert into GAME_AWARD (ID, LOTTERYID, BET_TYPE_CODE, ACTUAL_BONUS, AWARD_GROUP_ID, CREATE_TIME, UPDATE_TIME, STATUS, RET_VALUE,BET_TYPE_CODE_PARENT)
values (Seq_Game_Award.Nextval, 99306, '18_13_65_14', 55000, 192, sysdate, sysdate, 1, 500, '18_13_65');
insert into GAME_AWARD (ID, LOTTERYID, BET_TYPE_CODE, ACTUAL_BONUS, AWARD_GROUP_ID, CREATE_TIME, UPDATE_TIME, STATUS, RET_VALUE,BET_TYPE_CODE_PARENT)
values (Seq_Game_Award.Nextval, 99306, '18_13_65_15', 41000, 192, sysdate, sysdate, 1, 500, '18_13_65');
insert into GAME_AWARD (ID, LOTTERYID, BET_TYPE_CODE, ACTUAL_BONUS, AWARD_GROUP_ID, CREATE_TIME, UPDATE_TIME, STATUS, RET_VALUE,BET_TYPE_CODE_PARENT)
values (Seq_Game_Award.Nextval, 99306, '18_13_66_16', 297000, 192, sysdate, sysdate, 1, 500, '18_13_66');
insert into GAME_AWARD (ID, LOTTERYID, BET_TYPE_CODE, ACTUAL_BONUS, AWARD_GROUP_ID, CREATE_TIME, UPDATE_TIME, STATUS, RET_VALUE,BET_TYPE_CODE_PARENT)
values (Seq_Game_Award.Nextval, 99306, '18_13_66_17', 132000, 192, sysdate, sysdate, 1, 500, '18_13_66');
insert into GAME_AWARD (ID, LOTTERYID, BET_TYPE_CODE, ACTUAL_BONUS, AWARD_GROUP_ID, CREATE_TIME, UPDATE_TIME, STATUS, RET_VALUE,BET_TYPE_CODE_PARENT)
values (Seq_Game_Award.Nextval, 99306, '18_13_66_18', 92000, 192, sysdate, sysdate, 1, 500, '18_13_66');
insert into GAME_AWARD (ID, LOTTERYID, BET_TYPE_CODE, ACTUAL_BONUS, AWARD_GROUP_ID, CREATE_TIME, UPDATE_TIME, STATUS, RET_VALUE,BET_TYPE_CODE_PARENT)
values (Seq_Game_Award.Nextval, 99306, '18_13_66_19', 83000, 192, sysdate, sysdate, 1, 500, '18_13_66');
insert into GAME_AWARD (ID, LOTTERYID, BET_TYPE_CODE, ACTUAL_BONUS, AWARD_GROUP_ID, CREATE_TIME, UPDATE_TIME, STATUS, RET_VALUE,BET_TYPE_CODE_PARENT)
values (Seq_Game_Award.Nextval, 99306, '18_13_66_18', 84000, 191, sysdate, sysdate, 1, 500, '18_13_66');

--insert GAME_MULTIPLE 
insert into GAME_MULTIPLE (ID, LOTTERYID, BET_TYPE_CODE, MAX_MULTIPLE, CREATE_TIME, UPDATE_TIME)
values (seq_game_multiple.nextval, 99306, '22_20_10', -1, sysdate, sysdate);
insert into GAME_MULTIPLE (ID, LOTTERYID, BET_TYPE_CODE, MAX_MULTIPLE, CREATE_TIME, UPDATE_TIME)
values (seq_game_multiple.nextval, 99306, '22_20_11', -1, sysdate, sysdate);
insert into GAME_MULTIPLE (ID, LOTTERYID, BET_TYPE_CODE, MAX_MULTIPLE, CREATE_TIME, UPDATE_TIME)
values (seq_game_multiple.nextval, 99306, '22_14_10', -1, sysdate, sysdate);
insert into GAME_MULTIPLE (ID, LOTTERYID, BET_TYPE_CODE, MAX_MULTIPLE, CREATE_TIME, UPDATE_TIME)
values (seq_game_multiple.nextval, 99306, '22_12_10', 11, sysdate, sysdate);
insert into GAME_MULTIPLE (ID, LOTTERYID, BET_TYPE_CODE, MAX_MULTIPLE, CREATE_TIME, UPDATE_TIME)
values (seq_game_multiple.nextval, 99306, '23_21_10', -1, sysdate, sysdate);
insert into GAME_MULTIPLE (ID, LOTTERYID, BET_TYPE_CODE, MAX_MULTIPLE, CREATE_TIME, UPDATE_TIME)
values (seq_game_multiple.nextval, 99306, '23_21_11', -1, sysdate, sysdate);
insert into GAME_MULTIPLE (ID, LOTTERYID, BET_TYPE_CODE, MAX_MULTIPLE, CREATE_TIME, UPDATE_TIME)
values (seq_game_multiple.nextval, 99306, '23_21_12', -1, sysdate, sysdate);
insert into GAME_MULTIPLE (ID, LOTTERYID, BET_TYPE_CODE, MAX_MULTIPLE, CREATE_TIME, UPDATE_TIME)
values (seq_game_multiple.nextval, 99306, '23_10_10', -1, sysdate, sysdate);
insert into GAME_MULTIPLE (ID, LOTTERYID, BET_TYPE_CODE, MAX_MULTIPLE, CREATE_TIME, UPDATE_TIME)
values (seq_game_multiple.nextval, 99306, '23_10_11', -1, sysdate, sysdate);
insert into GAME_MULTIPLE (ID, LOTTERYID, BET_TYPE_CODE, MAX_MULTIPLE, CREATE_TIME, UPDATE_TIME)
values (seq_game_multiple.nextval, 99306, '23_11_10', -1, sysdate, sysdate);
insert into GAME_MULTIPLE (ID, LOTTERYID, BET_TYPE_CODE, MAX_MULTIPLE, CREATE_TIME, UPDATE_TIME)
values (seq_game_multiple.nextval, 99306, '23_11_11', -1, sysdate, sysdate);
insert into GAME_MULTIPLE (ID, LOTTERYID, BET_TYPE_CODE, MAX_MULTIPLE, CREATE_TIME, UPDATE_TIME)
values (seq_game_multiple.nextval, 99306, '23_11_12', -1, sysdate, sysdate);
insert into GAME_MULTIPLE (ID, LOTTERYID, BET_TYPE_CODE, MAX_MULTIPLE, CREATE_TIME, UPDATE_TIME)
values (seq_game_multiple.nextval, 99306, '24_22_10', -1, sysdate, sysdate);
insert into GAME_MULTIPLE (ID, LOTTERYID, BET_TYPE_CODE, MAX_MULTIPLE, CREATE_TIME, UPDATE_TIME)
values (seq_game_multiple.nextval, 99306, '24_22_11', -1, sysdate, sysdate);
insert into GAME_MULTIPLE (ID, LOTTERYID, BET_TYPE_CODE, MAX_MULTIPLE, CREATE_TIME, UPDATE_TIME)
values (seq_game_multiple.nextval, 99306, '24_22_12', -1, sysdate, sysdate);
insert into GAME_MULTIPLE (ID, LOTTERYID, BET_TYPE_CODE, MAX_MULTIPLE, CREATE_TIME, UPDATE_TIME)
values (seq_game_multiple.nextval, 99306, '24_10_10', -1, sysdate, sysdate);
insert into GAME_MULTIPLE (ID, LOTTERYID, BET_TYPE_CODE, MAX_MULTIPLE, CREATE_TIME, UPDATE_TIME)
values (seq_game_multiple.nextval, 99306, '24_10_11', -1, sysdate, sysdate);
insert into GAME_MULTIPLE (ID, LOTTERYID, BET_TYPE_CODE, MAX_MULTIPLE, CREATE_TIME, UPDATE_TIME)
values (seq_game_multiple.nextval, 99306, '24_11_10', -1, sysdate, sysdate);
insert into GAME_MULTIPLE (ID, LOTTERYID, BET_TYPE_CODE, MAX_MULTIPLE, CREATE_TIME, UPDATE_TIME)
values (seq_game_multiple.nextval, 99306, '24_11_11', -1, sysdate, sysdate);
insert into GAME_MULTIPLE (ID, LOTTERYID, BET_TYPE_CODE, MAX_MULTIPLE, CREATE_TIME, UPDATE_TIME)
values (seq_game_multiple.nextval, 99306, '24_11_12', -1, sysdate, sysdate);
insert into GAME_MULTIPLE (ID, LOTTERYID, BET_TYPE_CODE, MAX_MULTIPLE, CREATE_TIME, UPDATE_TIME)
values (seq_game_multiple.nextval, 99306, '25_23_10', -1, sysdate, sysdate);
insert into GAME_MULTIPLE (ID, LOTTERYID, BET_TYPE_CODE, MAX_MULTIPLE, CREATE_TIME, UPDATE_TIME)
values (seq_game_multiple.nextval, 99306, '25_23_11', -1, sysdate, sysdate);
insert into GAME_MULTIPLE (ID, LOTTERYID, BET_TYPE_CODE, MAX_MULTIPLE, CREATE_TIME, UPDATE_TIME)
values (seq_game_multiple.nextval, 99306, '25_23_12', -1, sysdate, sysdate);
insert into GAME_MULTIPLE (ID, LOTTERYID, BET_TYPE_CODE, MAX_MULTIPLE, CREATE_TIME, UPDATE_TIME)
values (seq_game_multiple.nextval, 99306, '26_24_10', -1, sysdate, sysdate);
insert into GAME_MULTIPLE (ID, LOTTERYID, BET_TYPE_CODE, MAX_MULTIPLE, CREATE_TIME, UPDATE_TIME)
values (seq_game_multiple.nextval, 99306, '26_24_11', -1, sysdate, sysdate);
insert into GAME_MULTIPLE (ID, LOTTERYID, BET_TYPE_CODE, MAX_MULTIPLE, CREATE_TIME, UPDATE_TIME)
values (seq_game_multiple.nextval, 99306, '26_24_12', -1, sysdate, sysdate);
insert into GAME_MULTIPLE (ID, LOTTERYID, BET_TYPE_CODE, MAX_MULTIPLE, CREATE_TIME, UPDATE_TIME)
values (seq_game_multiple.nextval, 99306, '27_25_10', -1, sysdate, sysdate);
insert into GAME_MULTIPLE (ID, LOTTERYID, BET_TYPE_CODE, MAX_MULTIPLE, CREATE_TIME, UPDATE_TIME)
values (seq_game_multiple.nextval, 99306, '27_25_11', -1, sysdate, sysdate);
insert into GAME_MULTIPLE (ID, LOTTERYID, BET_TYPE_CODE, MAX_MULTIPLE, CREATE_TIME, UPDATE_TIME)
values (seq_game_multiple.nextval, 99306, '27_25_12', -1, sysdate, sysdate);
insert into GAME_MULTIPLE (ID, LOTTERYID, BET_TYPE_CODE, MAX_MULTIPLE, CREATE_TIME, UPDATE_TIME)
values (seq_game_multiple.nextval, 99306, '28_26_10', -1, sysdate, sysdate);
insert into GAME_MULTIPLE (ID, LOTTERYID, BET_TYPE_CODE, MAX_MULTIPLE, CREATE_TIME, UPDATE_TIME)
values (seq_game_multiple.nextval, 99306, '28_26_11', -1, sysdate, sysdate);
insert into GAME_MULTIPLE (ID, LOTTERYID, BET_TYPE_CODE, MAX_MULTIPLE, CREATE_TIME, UPDATE_TIME)
values (seq_game_multiple.nextval, 99306, '28_26_12', -1, sysdate, sysdate);
insert into GAME_MULTIPLE (ID, LOTTERYID, BET_TYPE_CODE, MAX_MULTIPLE, CREATE_TIME, UPDATE_TIME)
values (seq_game_multiple.nextval, 99306, '29_27_10', -1, sysdate, sysdate);
insert into GAME_MULTIPLE (ID, LOTTERYID, BET_TYPE_CODE, MAX_MULTIPLE, CREATE_TIME, UPDATE_TIME)
values (seq_game_multiple.nextval, 99306, '29_27_11', -1, sysdate, sysdate);
insert into GAME_MULTIPLE (ID, LOTTERYID, BET_TYPE_CODE, MAX_MULTIPLE, CREATE_TIME, UPDATE_TIME)
values (seq_game_multiple.nextval, 99306, '29_27_12', -1, sysdate, sysdate);
insert into GAME_MULTIPLE (ID, LOTTERYID, BET_TYPE_CODE, MAX_MULTIPLE, CREATE_TIME, UPDATE_TIME)
values (seq_game_multiple.nextval, 99306, '18_13_65', -1, sysdate, sysdate);
insert into GAME_MULTIPLE (ID, LOTTERYID, BET_TYPE_CODE, MAX_MULTIPLE, CREATE_TIME, UPDATE_TIME)
values (seq_game_multiple.nextval, 99306, '18_13_66', -1, sysdate, sysdate);

--insert help
insert into GAME_HELP (ID, LOTTERYID, BET_TYPE_CODE, GAME_PROMPT_DES, GAME_EXAMPLES_DES, CRETEAT_TIME, UPDATE_TIME)
values (seq_game_help.nextval, 99306, '25_23_11', '从01-11中手动输入4个号码进行购买，只要当期的5个开奖号码中包含所选号码，即为中奖。                                                                         ', '投注：01,02,03,04 </br>开奖：01,02,03,04,Z（不限顺序）</br>奖金："bonus"元', sysdate, sysdate);
insert into GAME_HELP (ID, LOTTERYID, BET_TYPE_CODE, GAME_PROMPT_DES, GAME_EXAMPLES_DES, CRETEAT_TIME, UPDATE_TIME)
values (seq_game_help.nextval, 99306, '25_23_12', '从01-11共11个号码中至少选择4个以上号码进行投注，每注需至少包括1个胆码及3个拖码。只要当期的5个开奖号码中有4个包含所选号码（每注包含4个号码），即为中奖。   ', '投注：01,02,03,04 </br>开奖：01,02,03,04,Z（不限顺序）</br>奖金："bonus"元', sysdate, sysdate);
insert into GAME_HELP (ID, LOTTERYID, BET_TYPE_CODE, GAME_PROMPT_DES, GAME_EXAMPLES_DES, CRETEAT_TIME, UPDATE_TIME)
values (seq_game_help.nextval, 99306, '26_24_10', '从01-11共11个号码中选择5个号码进行购买，只要当期的5个开奖号码中包含所选号码，即为中奖。                                                                   ', '投注：01,02,03,04,05 </br>开奖：01,02,03,04,05（不限顺序）</br>奖金："bonus"元', sysdate, sysdate);
insert into GAME_HELP (ID, LOTTERYID, BET_TYPE_CODE, GAME_PROMPT_DES, GAME_EXAMPLES_DES, CRETEAT_TIME, UPDATE_TIME)
values (seq_game_help.nextval, 99306, '26_24_11', '从01-11中手动输入5个号码进行购买，只要当期的5个开奖号码中包含所选号码，即为中奖。                                                                         ', '投注：01,02,03,04,05 </br>开奖：01,02,03,04,05（不限顺序）</br>奖金："bonus"元', sysdate, sysdate);
insert into GAME_HELP (ID, LOTTERYID, BET_TYPE_CODE, GAME_PROMPT_DES, GAME_EXAMPLES_DES, CRETEAT_TIME, UPDATE_TIME)
values (seq_game_help.nextval, 99306, '26_24_12', '从01-11共11个号码中至少选择5个以上号码进行投注，每注需至少包括1个胆码及4个拖码。只要所选的每注5个号码和当期的5个开奖号码全部相同，即为中奖。              ', '投注：01,02,03,04,05 </br>开奖：01,02,03,04,05（不限顺序）</br>奖金："bonus"元', sysdate, sysdate);
insert into GAME_HELP (ID, LOTTERYID, BET_TYPE_CODE, GAME_PROMPT_DES, GAME_EXAMPLES_DES, CRETEAT_TIME, UPDATE_TIME)
values (seq_game_help.nextval, 99306, '27_25_10', '从01-11共11个号码中选择6个号码进行购买，只要当期的5个开奖号码中包含所选号码，即为中奖。                                                                   ', '投注：01,02,03,04,05,06  </br>开奖：01,02,03,04,05（不限顺序）</br>奖金："bonus"元', sysdate, sysdate);
insert into GAME_HELP (ID, LOTTERYID, BET_TYPE_CODE, GAME_PROMPT_DES, GAME_EXAMPLES_DES, CRETEAT_TIME, UPDATE_TIME)
values (seq_game_help.nextval, 99306, '27_25_11', '从01-11中手动输入6个号码进行购买，只要当期的5个开奖号码中包含所选号码，即为中奖。                                                                         ', '投注：01,02,03,04,05,06  </br>开奖：01,02,03,04,05（不限顺序）</br>奖金："bonus"元', sysdate, sysdate);
insert into GAME_HELP (ID, LOTTERYID, BET_TYPE_CODE, GAME_PROMPT_DES, GAME_EXAMPLES_DES, CRETEAT_TIME, UPDATE_TIME)
values (seq_game_help.nextval, 99306, '27_25_12', '从01-11共11个号码中至少选择6个以上号码进行投注，每注需至少包括1个胆码及5个拖码。只要所选的每注6个号码当中，有5个和当期的5个开奖号码全部相同，即为中奖。   ', '投注：01,02,03,04,05,06  </br>开奖：01,02,03,04,05（不限顺序）</br>奖金："bonus"元', sysdate, sysdate);
insert into GAME_HELP (ID, LOTTERYID, BET_TYPE_CODE, GAME_PROMPT_DES, GAME_EXAMPLES_DES, CRETEAT_TIME, UPDATE_TIME)
values (seq_game_help.nextval, 99306, '28_26_10', '从01-11共11个号码中选择7个号码进行购买，只要当期的5个开奖号码中包含所选号码，即为中奖。                                                                   ', '投注：01,02,03,04,05,06,07</br>开奖：01,02,03,04,05（不限顺序）</br>奖金："bonus"元', sysdate, sysdate);
insert into GAME_HELP (ID, LOTTERYID, BET_TYPE_CODE, GAME_PROMPT_DES, GAME_EXAMPLES_DES, CRETEAT_TIME, UPDATE_TIME)
values (seq_game_help.nextval, 99306, '28_26_11', '从01-11中手动输入7个号码进行购买，只要当期的5个开奖号码中包含所选号码，即为中奖。                                                                         ', '投注：01,02,03,04,05,06,07</br>开奖：01,02,03,04,05（不限顺序）</br>奖金："bonus"元', sysdate, sysdate);
insert into GAME_HELP (ID, LOTTERYID, BET_TYPE_CODE, GAME_PROMPT_DES, GAME_EXAMPLES_DES, CRETEAT_TIME, UPDATE_TIME)
values (seq_game_help.nextval, 99306, '28_26_12', '从01-11共11个号码中至少选择7个以上号码进行投注，每注需至少包括1个胆码及6个拖码。只要所选的每注7个号码当中，有5个和当期的5个开奖号码全部相同，即为中奖。   ', '投注：01,02,03,04,05,06,07</br>开奖：01,02,03,04,05（不限顺序）</br>奖金："bonus"元', sysdate, sysdate);
insert into GAME_HELP (ID, LOTTERYID, BET_TYPE_CODE, GAME_PROMPT_DES, GAME_EXAMPLES_DES, CRETEAT_TIME, UPDATE_TIME)
values (seq_game_help.nextval, 99306, '29_27_10', '从01-11共11个号码中选择8个号码进行购买，只要当期的5个开奖号码中包含所选号码，即为中奖。                                                                   ', '投注：01,02,03,04,05,06,07,08 </br>开奖：01,02,03,04,05（不限顺序）</br>奖金："bonus"元', sysdate, sysdate);
insert into GAME_HELP (ID, LOTTERYID, BET_TYPE_CODE, GAME_PROMPT_DES, GAME_EXAMPLES_DES, CRETEAT_TIME, UPDATE_TIME)
values (seq_game_help.nextval, 99306, '29_27_11', '从01-11中手动输入8个号码进行购买，只要当期的5个开奖号码中包含所选号码，即为中奖。                                                                         ', '投注：01,02,03,04,05,06,07,08 </br>开奖：01,02,03,04,05（不限顺序）</br>奖金："bonus"元', sysdate, sysdate);
insert into GAME_HELP (ID, LOTTERYID, BET_TYPE_CODE, GAME_PROMPT_DES, GAME_EXAMPLES_DES, CRETEAT_TIME, UPDATE_TIME)
values (seq_game_help.nextval, 99306, '29_27_12', '从01-11共11个号码中至少选择8个以上号码进行投注，每注需至少包括1个胆码及7个拖码。只要所选的每注8个号码当中，有5个和当期的5个开奖号码全部相同，即为中奖。   ', '投注：01,02,03,04,05,06,07,08 </br>开奖：01,02,03,04,05（不限顺序）</br>奖金："bonus"元', sysdate, sysdate);
insert into GAME_HELP (ID, LOTTERYID, BET_TYPE_CODE, GAME_PROMPT_DES, GAME_EXAMPLES_DES, CRETEAT_TIME, UPDATE_TIME)
values (seq_game_help.nextval, 99306, '18_13_65', '从6种单双个数组合中选择1种组合，当开奖号码的单双个数与所选单双组合一致，即为中奖。                                                                        ', '投注：5单0双；</br>开奖：出现5个单号0个双号（不限顺序） </br>奖金："bonus_11"元', sysdate, sysdate);
insert into GAME_HELP (ID, LOTTERYID, BET_TYPE_CODE, GAME_PROMPT_DES, GAME_EXAMPLES_DES, CRETEAT_TIME, UPDATE_TIME)
values (seq_game_help.nextval, 99306, '18_13_66', '从3-9中选择1个号码进行购买，所选号码与5个开奖号码按照大小顺序排列后的第3个号码相同，即为中奖。                                                            ', '投注：中位数为03 </br>开奖：出现03，小于以及大于03的各有2个号码（不限顺序）</br>奖金："bonus_16', sysdate, sysdate);
insert into GAME_HELP (ID, LOTTERYID, BET_TYPE_CODE, GAME_PROMPT_DES, GAME_EXAMPLES_DES, CRETEAT_TIME, UPDATE_TIME)
values (seq_game_help.nextval, 99306, '22_20_10', '从01-11共11个号码中选择1个号码进行购买，当期的5个开奖号码中包含所选号码，即中奖金"bonus"元                                                                ', '投注：01</br>开奖：01,W,X,Y,Z（不限顺序）</br>奖金："bonus"元', sysdate, sysdate);
insert into GAME_HELP (ID, LOTTERYID, BET_TYPE_CODE, GAME_PROMPT_DES, GAME_EXAMPLES_DES, CRETEAT_TIME, UPDATE_TIME)
values (seq_game_help.nextval, 99306, '22_20_11', '从01-11中手动输入1个号码进行购买，只要当期的5个开奖号码中包含所选号码，，即中奖金"bonus"元                                                                ', '投注：01</br>开奖：01,W,X,Y,Z（不限顺序）</br>奖金："bonus"元', sysdate, sysdate);
insert into GAME_HELP (ID, LOTTERYID, BET_TYPE_CODE, GAME_PROMPT_DES, GAME_EXAMPLES_DES, CRETEAT_TIME, UPDATE_TIME)
values (seq_game_help.nextval, 99306, '22_14_10', '从第一位、第二位、第三位任意1个位置或多个位置上选择1个号码，所选号码与相同位置上的开奖号码一致，即中奖金"bonus"元                                         ', '投注：01(第一位)</br>开奖：01,*,*,*,*  </br>奖金："bonus"元', sysdate, sysdate);
insert into GAME_HELP (ID, LOTTERYID, BET_TYPE_CODE, GAME_PROMPT_DES, GAME_EXAMPLES_DES, CRETEAT_TIME, UPDATE_TIME)
values (seq_game_help.nextval, 99306, '22_12_10', '从01-11共11个号码中选择1个号码，每注由1个号码组成，只要当期顺序摇出的第一位、第二位、第三位开奖号码中包含所选号码，即中奖金"bonus"元                      ', '投注：01 </br>开奖：01,X,Y,*,*（不限顺序）</br>奖金："bonus"元', sysdate, sysdate);
insert into GAME_HELP (ID, LOTTERYID, BET_TYPE_CODE, GAME_PROMPT_DES, GAME_EXAMPLES_DES, CRETEAT_TIME, UPDATE_TIME)
values (seq_game_help.nextval, 99306, '23_21_10', '从01-11共11个号码中选择2个号码进行购买，只要当期的5个开奖号码中包含所选号码，即中奖金"bonus"元。                                                          ', '投注：01,02 </br>开奖：01,02,X,Y,Z（不限顺序） </br>奖金："bonus"元', sysdate, sysdate);
insert into GAME_HELP (ID, LOTTERYID, BET_TYPE_CODE, GAME_PROMPT_DES, GAME_EXAMPLES_DES, CRETEAT_TIME, UPDATE_TIME)
values (seq_game_help.nextval, 99306, '23_21_11', '从01-11中手动输入2个号码进行购买，只要当期的5个开奖号码中包含所选号码，即中奖金"bonus"元                                                                  ', '投注：01,02 </br>开奖：01,02,X,Y,Z（不限顺序） </br>奖金："bonus"元', sysdate, sysdate);
insert into GAME_HELP (ID, LOTTERYID, BET_TYPE_CODE, GAME_PROMPT_DES, GAME_EXAMPLES_DES, CRETEAT_TIME, UPDATE_TIME)
values (seq_game_help.nextval, 99306, '23_21_12', '从01-11共11个号码中至少选择2个以上号码进行投注，每注需至少包括1个胆码及1个拖码。只要当期的5个开奖号码中有2个包含所选号码（每注包含2个号码），即为中奖。   ', '投注：01,02 </br>开奖：01,02,X,Y,Z（不限顺序） </br>奖金："bonus"元', sysdate, sysdate);
insert into GAME_HELP (ID, LOTTERYID, BET_TYPE_CODE, GAME_PROMPT_DES, GAME_EXAMPLES_DES, CRETEAT_TIME, UPDATE_TIME)
values (seq_game_help.nextval, 99306, '23_10_10', '从01-11共11个号码中选择2个不重复的号码组成一注，所选号码与当期顺序摇出的5个号码中 的前2个号码相同，且顺序一致，即为中奖。                                 ', '投注：01,02 </br>开奖：01,02,*,*,*  </br>奖金："bonus"元', sysdate, sysdate);
insert into GAME_HELP (ID, LOTTERYID, BET_TYPE_CODE, GAME_PROMPT_DES, GAME_EXAMPLES_DES, CRETEAT_TIME, UPDATE_TIME)
values (seq_game_help.nextval, 99306, '23_10_11', '手动输入2个号码组成一注，所输入的号码与当期顺序摇出的5个号码中 的前2个号码相同，且顺序一致，即为中奖。                                                    ', '投注：01,02 </br>开奖：01,02,*,*,*  </br>奖金："bonus"元', sysdate, sysdate);
insert into GAME_HELP (ID, LOTTERYID, BET_TYPE_CODE, GAME_PROMPT_DES, GAME_EXAMPLES_DES, CRETEAT_TIME, UPDATE_TIME)
values (seq_game_help.nextval, 99306, '23_11_10', '从01-11共11个号码中选择2个不重复的号码组成一注，所选号码与当期顺序摇出的5个号码中 的前2个号码相同，且顺序不限，即为中奖。                                 ', '投注：01,02 </br>开奖：01,02,*,*,*（不限顺序） </br>奖金："bonus"元', sysdate, sysdate);
insert into GAME_HELP (ID, LOTTERYID, BET_TYPE_CODE, GAME_PROMPT_DES, GAME_EXAMPLES_DES, CRETEAT_TIME, UPDATE_TIME)
values (seq_game_help.nextval, 99306, '23_11_11', '手动输入2个号码组成一注，所输入的号码与当期顺序摇出的5个号码中 的前2个号码相同，且顺序不限，即为中奖。                                                    ', '投注：01,02 </br>开奖：01,02,*,*,*（不限顺序） </br>奖金："bonus"元', sysdate, sysdate);
insert into GAME_HELP (ID, LOTTERYID, BET_TYPE_CODE, GAME_PROMPT_DES, GAME_EXAMPLES_DES, CRETEAT_TIME, UPDATE_TIME)
values (seq_game_help.nextval, 99306, '23_11_12', '从01-11共11个号码中至少选择2个以上号码进行投注，每注需至少包括1个胆码及1个拖码。只要当期的前二位开奖号码中有2个包含所选号码（每注包含2个号码），即为中奖。', '投注：01,02 </br>开奖：01,02,*,*,*（不限顺序） </br>奖金："bonus"元', sysdate, sysdate);
insert into GAME_HELP (ID, LOTTERYID, BET_TYPE_CODE, GAME_PROMPT_DES, GAME_EXAMPLES_DES, CRETEAT_TIME, UPDATE_TIME)
values (seq_game_help.nextval, 99306, '24_22_10', '从01-11共11个号码中选择3个号码进行购买，只要当期的5个开奖号码中包含所选号码，即为中奖。                                                                   ', '投注：01,02,03 </br>开奖：01,02,03,Y,Z（不限顺序）</br>奖金："bonus"元', sysdate, sysdate);
insert into GAME_HELP (ID, LOTTERYID, BET_TYPE_CODE, GAME_PROMPT_DES, GAME_EXAMPLES_DES, CRETEAT_TIME, UPDATE_TIME)
values (seq_game_help.nextval, 99306, '24_22_11', '从01-11中手动输入3个号码进行购买，只要当期的5个开奖号码中包含所选号码，即为中奖。                                                                         ', '投注：01,02,03 </br>开奖：01,02,03,Y,Z（不限顺序）</br>奖金："bonus"元', sysdate, sysdate);
insert into GAME_HELP (ID, LOTTERYID, BET_TYPE_CODE, GAME_PROMPT_DES, GAME_EXAMPLES_DES, CRETEAT_TIME, UPDATE_TIME)
values (seq_game_help.nextval, 99306, '24_22_12', '从01-11共11个号码中至少选择3个以上号码进行投注，每注需至少包括1个胆码及2个拖码。只要当期的5个开奖号码中有3个包含所选号码（每注包含3个号码），即为中奖。   ', '投注：01,02,03 </br>开奖：01,02,03,Y,Z（不限顺序）</br>奖金："bonus"元', sysdate, sysdate);
insert into GAME_HELP (ID, LOTTERYID, BET_TYPE_CODE, GAME_PROMPT_DES, GAME_EXAMPLES_DES, CRETEAT_TIME, UPDATE_TIME)
values (seq_game_help.nextval, 99306, '24_10_10', '从01-11共11个号码中选择3个不重复的号码组成一注，所选号码与当期顺序摇出的5个号码中 的前3个号码相同，且顺序一致，即为中奖。                                 ', '投注：01,02,03 </br>开奖：01,02,03,*,*</br>奖金："bonus"元', sysdate, sysdate);
insert into GAME_HELP (ID, LOTTERYID, BET_TYPE_CODE, GAME_PROMPT_DES, GAME_EXAMPLES_DES, CRETEAT_TIME, UPDATE_TIME)
values (seq_game_help.nextval, 99306, '24_10_11', '手动输入3个号码组成一注，所输入的号码与当期顺序摇出的5个号码中 的前3个号码相同，且顺序一致，即为中奖。                                                    ', '投注：01,02,03 </br>开奖：01,02,03,*,*</br>奖金："bonus"元', sysdate, sysdate);
insert into GAME_HELP (ID, LOTTERYID, BET_TYPE_CODE, GAME_PROMPT_DES, GAME_EXAMPLES_DES, CRETEAT_TIME, UPDATE_TIME)
values (seq_game_help.nextval, 99306, '24_11_10', '从01-11共11个号码中选择3个不重复的号码组成一注，所选号码与当期顺序摇出的5个号码中 的前3个号码相同，且顺序不限，即为中奖。                                 ', '投注：01,02,03</br>开奖：01,02,03,*,*（不限顺序）</br>奖金："bonus"元', sysdate, sysdate);
insert into GAME_HELP (ID, LOTTERYID, BET_TYPE_CODE, GAME_PROMPT_DES, GAME_EXAMPLES_DES, CRETEAT_TIME, UPDATE_TIME)
values (seq_game_help.nextval, 99306, '24_11_11', '手动输入3个号码组成一注，所输入的号码与当期顺序摇出的5个号码中 的前3个号码相同，且顺序不限，即为中奖。                                                    ', '投注：01,02,03</br>开奖：01,02,03,*,*（不限顺序）</br>奖金："bonus"元', sysdate, sysdate);
insert into GAME_HELP (ID, LOTTERYID, BET_TYPE_CODE, GAME_PROMPT_DES, GAME_EXAMPLES_DES, CRETEAT_TIME, UPDATE_TIME)
values (seq_game_help.nextval, 99306, '24_11_12', '从01-11共11个号码中至少选择3个以上号码进行投注，每注需至少包括1个胆码及2个拖码。只要当期的前三位开奖号码中有3个包含所选号码（每注包含3个号码），即为中奖。', '投注：01,02,03</br>开奖：01,02,03,*,*（不限顺序）</br>奖金："bonus"元', sysdate, sysdate);
insert into GAME_HELP (ID, LOTTERYID, BET_TYPE_CODE, GAME_PROMPT_DES, GAME_EXAMPLES_DES, CRETEAT_TIME, UPDATE_TIME)
values (seq_game_help.nextval, 99306, '25_23_10', '从01-11共11个号码中选择4个号码进行购买，只要当期的5个开奖号码中包含所选号码，即为中奖。                                                                   ', '投注：01,02,03,04 </br>开奖：01,02,03,04,Z（不限顺序）</br>奖金："bonus"元', sysdate, sysdate);

                                 
--INSERT INTO GAME_SERIES_CONFIG
--撤单手续费？？？
INSERT INTO GAME_SERIES_CONFIG (ID,LOTTERYID,BACKOUT_START_FEE,BACKOUT_RATIO,ISSUEWARN_BACKOUT_TIME,ISSUEWARN_EXCEPTION_TIME,CREATE_TIME,UPDATE_TIME)
VALUES (seq_game_series_config_id.nextval,99306,20010000,500,1,5,SYSDATE,SYSDATE); 

--审核设置                                                                                                          
INSERT INTO GAME_RISK_CONFIG(ID,LOTTERYID,ORDERWARN_MAXWINS,ORDERWARN_WINS_RATIO,ORDERWARN_CONTINUOUS_WINS,ORDERWARN_MAXSLIP_WINS,ORDERWARN_SLIP_WINSRATIO,CREATE_TIME)
VALUES(SEQ_GAME_RISK_CONFIG_ID.Nextval,99306,100000,100000,1,100000,100000,sysdate)
